Reproduced Log File Name,Error Line Flagged,Possible Candidates,Requirements File
black_11_0.log,ImportError: Failed to import test module: test_black<DELIM>ModuleNotFoundError: No module named 'click',"[{""_name"": ""click"", ""_is_pinned"": false, ""_version_pinned"": null, ""_is_constrained"": false, ""_version_constraints"": null, ""_version_fetched"": null, ""_is_transitive"": false, ""_transitive_deps"": null}, {""_name"": ""six"", ""_is_pinned"": false, ""_version_pinned"": null, ""_is_constrained"": true, ""_version_constraints"": ""<2,>=1.9.0"", ""_version_fetched"": ""1.15.0"", ""_is_transitive"": true, ""_transitive_deps"": "" virtualenv (1.15.0""}]",[]
black_11_1.log,ImportError: Failed to import test module: test_black<DELIM>ModuleNotFoundError: No module named 'click',"[{""_name"": ""click"", ""_is_pinned"": false, ""_version_pinned"": null, ""_is_constrained"": false, ""_version_constraints"": null, ""_version_fetched"": null, ""_is_transitive"": false, ""_transitive_deps"": null}, {""_name"": ""distlib"", ""_is_pinned"": false, ""_version_pinned"": null, ""_is_constrained"": true, ""_version_constraints"": ""<1,>=0.3.1"", ""_version_fetched"": ""0.3.1"", ""_is_transitive"": true, ""_transitive_deps"": "" virtualenv (0.3.1""}]",[]
black_12_0.log,ImportError: Failed to import test module: test_black<DELIM>ModuleNotFoundError: No module named 'click',"[{""_name"": ""click"", ""_is_pinned"": false, ""_version_pinned"": null, ""_is_constrained"": false, ""_version_constraints"": null, ""_version_fetched"": null, ""_is_transitive"": false, ""_transitive_deps"": null}, {""_name"": ""appdirs"", ""_is_pinned"": false, ""_version_pinned"": null, ""_is_constrained"": true, ""_version_constraints"": ""<2,>=1.4.3"", ""_version_fetched"": ""1.4.4"", ""_is_transitive"": true, ""_transitive_deps"": "" virtualenv (1.4.4""}]",[]
black_12_1.log,ImportError: Failed to import test module: test_black<DELIM>ModuleNotFoundError: No module named 'click',"[{""_name"": ""click"", ""_is_pinned"": false, ""_version_pinned"": null, ""_is_constrained"": false, ""_version_constraints"": null, ""_version_fetched"": null, ""_is_transitive"": false, ""_transitive_deps"": null}, {""_name"": ""appdirs"", ""_is_pinned"": false, ""_version_pinned"": null, ""_is_constrained"": true, ""_version_constraints"": ""<2,>=1.4.3"", ""_version_fetched"": ""1.4.4"", ""_is_transitive"": true, ""_transitive_deps"": "" virtualenv (1.4.4""}]",[]
black_10_0.log,ImportError: Failed to import test module: test_black<DELIM>ModuleNotFoundError: No module named 'click',"[{""_name"": ""click"", ""_is_pinned"": false, ""_version_pinned"": null, ""_is_constrained"": false, ""_version_constraints"": null, ""_version_fetched"": null, ""_is_transitive"": false, ""_transitive_deps"": null}, {""_name"": ""distlib"", ""_is_pinned"": false, ""_version_pinned"": null, ""_is_constrained"": true, ""_version_constraints"": ""<1,>=0.3.1"", ""_version_fetched"": ""0.3.1"", ""_is_transitive"": true, ""_transitive_deps"": "" virtualenv (0.3.1""}]",[]
black_10_1.log,ImportError: Failed to import test module: test_black<DELIM>ModuleNotFoundError: No module named 'click',"[{""_name"": ""click"", ""_is_pinned"": false, ""_version_pinned"": null, ""_is_constrained"": false, ""_version_constraints"": null, ""_version_fetched"": null, ""_is_transitive"": false, ""_transitive_deps"": null}, {""_name"": ""appdirs"", ""_is_pinned"": false, ""_version_pinned"": null, ""_is_constrained"": true, ""_version_constraints"": ""<2,>=1.4.3"", ""_version_fetched"": ""1.4.4"", ""_is_transitive"": true, ""_transitive_deps"": "" virtualenv (1.4.4""}]",[]
sanic_5_0.log,,"[{""_name"": ""pytest"", ""_is_pinned"": false, ""_version_pinned"": null, ""_is_constrained"": false, ""_version_constraints"": null, ""_version_fetched"": null, ""_is_transitive"": false, ""_transitive_deps"": null}, {""_name"": ""pluggy"", ""_is_pinned"": false, ""_version_pinned"": null, ""_is_constrained"": false, ""_version_constraints"": null, ""_version_fetched"": null, ""_is_transitive"": false, ""_transitive_deps"": null}, {""_name"": ""importlib_metadata"", ""_is_pinned"": false, ""_version_pinned"": null, ""_is_constrained"": false, ""_version_constraints"": null, ""_version_fetched"": null, ""_is_transitive"": false, ""_transitive_deps"": null}, {""_name"": ""pytest_httpbin"", ""_is_pinned"": false, ""_version_pinned"": null, ""_is_constrained"": false, ""_version_constraints"": null, ""_version_fetched"": null, ""_is_transitive"": false, ""_transitive_deps"": null}, {""_name"": ""httpbin"", ""_is_pinned"": false, ""_version_pinned"": null, ""_is_constrained"": false, ""_version_constraints"": null, ""_version_fetched"": null, ""_is_transitive"": false, ""_transitive_deps"": null}, {""_name"": ""flask"", ""_is_pinned"": false, ""_version_pinned"": null, ""_is_constrained"": false, ""_version_constraints"": null, ""_version_fetched"": null, ""_is_transitive"": false, ""_transitive_deps"": null}, {""_name"": ""dataclasses"", ""_is_pinned"": false, ""_version_pinned"": null, ""_is_constrained"": false, ""_version_constraints"": null, ""_version_fetched"": null, ""_is_transitive"": false, ""_transitive_deps"": null}]",[]
sanic_5_1.log,,"[{""_name"": ""pytest"", ""_is_pinned"": false, ""_version_pinned"": null, ""_is_constrained"": false, ""_version_constraints"": null, ""_version_fetched"": null, ""_is_transitive"": false, ""_transitive_deps"": null}, {""_name"": ""pluggy"", ""_is_pinned"": false, ""_version_pinned"": null, ""_is_constrained"": false, ""_version_constraints"": null, ""_version_fetched"": null, ""_is_transitive"": false, ""_transitive_deps"": null}, {""_name"": ""importlib_metadata"", ""_is_pinned"": false, ""_version_pinned"": null, ""_is_constrained"": false, ""_version_constraints"": null, ""_version_fetched"": null, ""_is_transitive"": false, ""_transitive_deps"": null}, {""_name"": ""pytest_httpbin"", ""_is_pinned"": false, ""_version_pinned"": null, ""_is_constrained"": false, ""_version_constraints"": null, ""_version_fetched"": null, ""_is_transitive"": false, ""_transitive_deps"": null}, {""_name"": ""httpbin"", ""_is_pinned"": false, ""_version_pinned"": null, ""_is_constrained"": false, ""_version_constraints"": null, ""_version_fetched"": null, ""_is_transitive"": false, ""_transitive_deps"": null}, {""_name"": ""flask"", ""_is_pinned"": false, ""_version_pinned"": null, ""_is_constrained"": false, ""_version_constraints"": null, ""_version_fetched"": null, ""_is_transitive"": false, ""_transitive_deps"": null}, {""_name"": ""dataclasses"", ""_is_pinned"": false, ""_version_pinned"": null, ""_is_constrained"": false, ""_version_constraints"": null, ""_version_fetched"": null, ""_is_transitive"": false, ""_transitive_deps"": null}]",[]
tornado_10_0.log,"The command ""pip install unittest"" failed and exited with 1 during .","[{""_name"": ""unittest"", ""_is_pinned"": false, ""_version_pinned"": null, ""_is_constrained"": false, ""_version_constraints"": null, ""_version_fetched"": null, ""_is_transitive"": false, ""_transitive_deps"": null}, {""_name"": ""zipp"", ""_is_pinned"": false, ""_version_pinned"": null, ""_is_constrained"": true, ""_version_constraints"": "">=0.5"", ""_version_fetched"": ""3.4.0"", ""_is_transitive"": true, ""_transitive_deps"": "" importlib-metadata>=0.12; python_version < \""3.8\""->virtualenv (3.4.0""}]",[]
tornado_10_1.log,"The command ""pip install unittest"" failed and exited with 1 during .","[{""_name"": ""unittest"", ""_is_pinned"": false, ""_version_pinned"": null, ""_is_constrained"": false, ""_version_constraints"": null, ""_version_fetched"": null, ""_is_transitive"": false, ""_transitive_deps"": null}, {""_name"": ""zipp"", ""_is_pinned"": false, ""_version_pinned"": null, ""_is_constrained"": true, ""_version_constraints"": "">=0.5"", ""_version_fetched"": ""3.4.0"", ""_is_transitive"": true, ""_transitive_deps"": "" importlib-metadata>=0.12; python_version < \""3.8\""->virtualenv (3.4.0""}]",[]
pandas_1_0.log,"The command ""python setup.py build_ext --inplace --force"" failed and exited with 1 during .","[{""_name"": ""six"", ""_is_pinned"": false, ""_version_pinned"": null, ""_is_constrained"": true, ""_version_constraints"": ""<2,>=1.9.0"", ""_version_fetched"": ""1.15.0"", ""_is_transitive"": true, ""_transitive_deps"": "" virtualenv (1.15.0""}]",['setup.py']
pandas_1_1.log,"The command ""python setup.py build_ext --inplace --force"" failed and exited with 1 during .","[{""_name"": ""appdirs"", ""_is_pinned"": false, ""_version_pinned"": null, ""_is_constrained"": true, ""_version_constraints"": ""<2,>=1.4.3"", ""_version_fetched"": ""1.4.4"", ""_is_transitive"": true, ""_transitive_deps"": "" virtualenv (1.4.4""}]",['setup.py']
scrapy_36_0.log,ImportError: Failed to import test module: test_utils_misc<DELIM>ModuleNotFoundError: No module named 'w3lib',"[{""_name"": ""w3lib"", ""_is_pinned"": false, ""_version_pinned"": null, ""_is_constrained"": false, ""_version_constraints"": null, ""_version_fetched"": null, ""_is_transitive"": false, ""_transitive_deps"": null}, {""_name"": ""leveldb"", ""_is_pinned"": false, ""_version_pinned"": null, ""_is_constrained"": false, ""_version_constraints"": null, ""_version_fetched"": null, ""_is_transitive"": false, ""_transitive_deps"": null}]",[]
scrapy_36_1.log,ImportError: Failed to import test module: test_utils_misc<DELIM>ModuleNotFoundError: No module named 'w3lib',"[{""_name"": ""w3lib"", ""_is_pinned"": false, ""_version_pinned"": null, ""_is_constrained"": false, ""_version_constraints"": null, ""_version_fetched"": null, ""_is_transitive"": false, ""_transitive_deps"": null}, {""_name"": ""leveldb"", ""_is_pinned"": false, ""_version_pinned"": null, ""_is_constrained"": false, ""_version_constraints"": null, ""_version_fetched"": null, ""_is_transitive"": false, ""_transitive_deps"": null}]",[]
scrapy_1_0.log,ImportError: Failed to import test module: test_spidermiddleware_offsite<DELIM>ModuleNotFoundError: No module named 'w3lib'<DELIM>ImportError: Failed to import test module: test_spidermiddleware_offsite<DELIM>ModuleNotFoundError: No module named 'w3lib',"[{""_name"": ""w3lib"", ""_is_pinned"": false, ""_version_pinned"": null, ""_is_constrained"": false, ""_version_constraints"": null, ""_version_fetched"": null, ""_is_transitive"": false, ""_transitive_deps"": null}, {""_name"": ""leveldb"", ""_is_pinned"": false, ""_version_pinned"": null, ""_is_constrained"": false, ""_version_constraints"": null, ""_version_fetched"": null, ""_is_transitive"": false, ""_transitive_deps"": null}]",[]
scrapy_1_1.log,ImportError: Failed to import test module: test_spidermiddleware_offsite<DELIM>ModuleNotFoundError: No module named 'w3lib'<DELIM>ImportError: Failed to import test module: test_spidermiddleware_offsite<DELIM>ModuleNotFoundError: No module named 'w3lib',"[{""_name"": ""w3lib"", ""_is_pinned"": false, ""_version_pinned"": null, ""_is_constrained"": false, ""_version_constraints"": null, ""_version_fetched"": null, ""_is_transitive"": false, ""_transitive_deps"": null}, {""_name"": ""leveldb"", ""_is_pinned"": false, ""_version_pinned"": null, ""_is_constrained"": false, ""_version_constraints"": null, ""_version_fetched"": null, ""_is_transitive"": false, ""_transitive_deps"": null}]",[]
matplotlib_1_0.log,,"[{""_name"": ""pytest"", ""_is_pinned"": false, ""_version_pinned"": null, ""_is_constrained"": false, ""_version_constraints"": null, ""_version_fetched"": null, ""_is_transitive"": false, ""_transitive_deps"": null}, {""_name"": ""pluggy"", ""_is_pinned"": false, ""_version_pinned"": null, ""_is_constrained"": false, ""_version_constraints"": null, ""_version_fetched"": null, ""_is_transitive"": false, ""_transitive_deps"": null}, {""_name"": ""importlib_metadata"", ""_is_pinned"": false, ""_version_pinned"": null, ""_is_constrained"": false, ""_version_constraints"": null, ""_version_fetched"": null, ""_is_transitive"": false, ""_transitive_deps"": null}, {""_name"": ""pytest_httpbin"", ""_is_pinned"": false, ""_version_pinned"": null, ""_is_constrained"": false, ""_version_constraints"": null, ""_version_fetched"": null, ""_is_transitive"": false, ""_transitive_deps"": null}, {""_name"": ""httpbin"", ""_is_pinned"": false, ""_version_pinned"": null, ""_is_constrained"": false, ""_version_constraints"": null, ""_version_fetched"": null, ""_is_transitive"": false, ""_transitive_deps"": null}, {""_name"": ""flask"", ""_is_pinned"": false, ""_version_pinned"": null, ""_is_constrained"": false, ""_version_constraints"": null, ""_version_fetched"": null, ""_is_transitive"": false, ""_transitive_deps"": null}, {""_name"": ""dataclasses"", ""_is_pinned"": false, ""_version_pinned"": null, ""_is_constrained"": false, ""_version_constraints"": null, ""_version_fetched"": null, ""_is_transitive"": false, ""_transitive_deps"": null}]",[]
matplotlib_1_1.log,,"[{""_name"": ""pytest"", ""_is_pinned"": false, ""_version_pinned"": null, ""_is_constrained"": false, ""_version_constraints"": null, ""_version_fetched"": null, ""_is_transitive"": false, ""_transitive_deps"": null}, {""_name"": ""pluggy"", ""_is_pinned"": false, ""_version_pinned"": null, ""_is_constrained"": false, ""_version_constraints"": null, ""_version_fetched"": null, ""_is_transitive"": false, ""_transitive_deps"": null}, {""_name"": ""importlib_metadata"", ""_is_pinned"": false, ""_version_pinned"": null, ""_is_constrained"": false, ""_version_constraints"": null, ""_version_fetched"": null, ""_is_transitive"": false, ""_transitive_deps"": null}, {""_name"": ""pytest_httpbin"", ""_is_pinned"": false, ""_version_pinned"": null, ""_is_constrained"": false, ""_version_constraints"": null, ""_version_fetched"": null, ""_is_transitive"": false, ""_transitive_deps"": null}, {""_name"": ""httpbin"", ""_is_pinned"": false, ""_version_pinned"": null, ""_is_constrained"": false, ""_version_constraints"": null, ""_version_fetched"": null, ""_is_transitive"": false, ""_transitive_deps"": null}, {""_name"": ""flask"", ""_is_pinned"": false, ""_version_pinned"": null, ""_is_constrained"": false, ""_version_constraints"": null, ""_version_fetched"": null, ""_is_transitive"": false, ""_transitive_deps"": null}, {""_name"": ""dataclasses"", ""_is_pinned"": false, ""_version_pinned"": null, ""_is_constrained"": false, ""_version_constraints"": null, ""_version_fetched"": null, ""_is_transitive"": false, ""_transitive_deps"": null}]",[]
pandas_105_0.log,"The command ""python setup.py build_ext --inplace -j 0"" failed and exited with 1 during .","[{""_name"": ""numpy"", ""_is_pinned"": false, ""_version_pinned"": null, ""_is_constrained"": false, ""_version_constraints"": null, ""_version_fetched"": null, ""_is_transitive"": false, ""_transitive_deps"": null}]",['setup.py']
pandas_105_1.log,"The command ""python setup.py build_ext --inplace -j 0"" failed and exited with 1 during .","[{""_name"": ""numpy"", ""_is_pinned"": false, ""_version_pinned"": null, ""_is_constrained"": false, ""_version_constraints"": null, ""_version_fetched"": null, ""_is_transitive"": false, ""_transitive_deps"": null}]",['setup.py']