Artifact Name,Final Patch,Build Outcome,Time in s
black_1_0.log,virtualenv==20.0.20 regex==2020.5.7 click==7.1.2 typing_extensions==3.7.4.2 mypy_extensions==0.4.3 appdirs==1.4.3 toml==0.10.0 typed_ast==1.4.1 pathspec==0.8.0,Exhausted all options,842.24448
black_1_1.log,regex==2020.5.7 click==7.1.2 typing_extensions==3.7.4.2 mypy_extensions==0.4.3 appdirs==1.4.3 toml==0.10.0 typed_ast==1.4.1 pathspec==0.8.0,Exhausted all options,706.876417
black_2_0.log,regex==2020.5.7 click==7.1.2 typing_extensions==3.7.4.2 mypy_extensions==0.4.3 appdirs==1.4.3 toml==0.10.0 typed_ast==1.4.1 pathspec==0.8.0,Exhausted all options,718.615414
black_2_1.log,regex==2020.5.7 click==7.1.2 typing_extensions==3.7.4.2 mypy_extensions==0.4.3 appdirs==1.4.3 toml==0.10.0 typed_ast==1.4.1 pathspec==0.8.0,Exhausted all options,538.892358
black_3_1.log,virtualenv==20.0.18 regex==2020.4.4 click==7.1.2 typing_extensions==3.7.4.2 mypy_extensions==0.4.3 appdirs==1.4.3 toml==0.10.0 typed_ast==1.4.1 pathspec==0.8.0,Exhausted all options,570.240416
black_6_0.log,virtualenv==16.5.0 click==7.0 appdirs==1.4.3 attrs==19.1.0 toml==0.10.0 typed_ast==1.3.5,Exhausted all options,584.92355
black_6_1.log,virtualenv==16.5.0 click==7.0 appdirs==1.4.3 attrs==19.1.0 toml==0.10.0 typed_ast==1.3.5,Exhausted all options,622.991941
pandas_103_0.log,numpy==1.18.0 pytest==5.3.2 attrs==19.3.0 pluggy==0.13.1 py==1.8.1 packaging==19.2 more_itertools==8.0.2 pytz==2019.3 python-dateutil==2.8.1 six==1.9.0 hypothesis==4.57.1 sortedcontainers==2.1.0,Exhausted all options,19823.4713
pandas_104_0.log,numpy==1.18.0 pytest==5.3.2 attrs==19.3.0 pluggy==0.13.1 py==1.8.1 packaging==19.2 more_itertools==8.0.2 pytz==2019.3 python-dateutil==2.8.1 six==1.9.0 hypothesis==4.56.3 sortedcontainers==2.1.0,Exhausted all options,19836.9118
pandas_105_0.log,numpy==1.18.0 pytest==5.3.2 attrs==19.3.0 pluggy==0.13.1 py==1.8.1 packaging==19.2 more_itertools==8.0.2 pytz==2019.3 python-dateutil==2.8.1 six==1.9.0 hypothesis==4.56.3 sortedcontainers==2.1.0,Exhausted all options,17566.0966
pandas_106_0.log,numpy==1.18.0 pytest==5.3.2 attrs==19.3.0 pluggy==0.13.1 py==1.8.0 packaging==19.2 more_itertools==8.0.2 pytz==2019.3 python-dateutil==2.8.1 six==1.9.0 hypothesis==4.56.3 sortedcontainers==2.1.0,Exhausted all options,19801.0124
pandas_11_0.log,pytest==5.4.1 py==1.8.1 attrs==19.3.0 pluggy==0.13.1 packaging==20.3 more_itertools==8.2.0 pytz==2020.1 python-dateutil==2.8.1 six==1.9.0 hypothesis==5.10.4 sortedcontainers==2.1.0 wcwidth==0.1.9,Exhausted all options,19078.2296
pandas_110_0.log,numpy==1.18.0rc1 pytest==5.3.1 attrs==19.3.0 pluggy==0.13.1 py==1.8.0 packaging==19.2 more_itertools==8.0.2 pytz==2019.3 python-dateutil==2.8.1 six==1.9.0 hypothesis==4.53.2,Exhausted all options,18744.8825
pandas_112_0.log,numpy==1.18.0rc1 pytest==5.3.1 attrs==19.3.0 pluggy==0.13.1 py==1.8.0 packaging==19.2 more_itertools==8.0.2 pytz==2019.3 python-dateutil==2.8.1 six==1.9.0 hypothesis==4.53.1,Exhausted all options,11080.1461
pandas_12_0.log,pytest==5.4.1 py==1.8.1 attrs==19.3.0 pluggy==0.13.1 packaging==20.3 more_itertools==8.2.0 pytz==2019.3 python-dateutil==2.8.1 six==1.9.0 hypothesis==5.10.4 sortedcontainers==2.1.0 wcwidth==0.1.9,Exhausted all options,18006.1181
pandas_120_0.log,numpy==1.17.4 pytest==5.3.0 attrs==19.3.0 pluggy==0.13.0 py==1.8.0 packaging==19.2 more_itertools==7.2.0 pytz==2019.3 python-dateutil==2.8.1 six==1.9.0 hypothesis==4.44.2,Exhausted all options,18799.7487
pandas_13_0.log,pytest==5.4.1 py==1.8.1 attrs==19.3.0 pluggy==0.13.1 packaging==20.3 more_itertools==8.2.0 pytz==2019.3 python-dateutil==2.8.1 six==1.9.0 hypothesis==5.10.4 sortedcontainers==2.1.0 wcwidth==0.1.9,Exhausted all options,20442.6808
pandas_132_0.log,numpy==1.17.3 pytest==5.2.2 atomicwrites==1.3.0 attrs==19.3.0 pluggy==0.13.0 py==1.8.0 packaging==19.2 more_itertools==7.2.0 pytz==2019.3 python-dateutil==2.8.0 six==1.9.0 hypothesis==4.42.7,Exhausted all options,19870.7443
pandas_138_0.log,numpy==1.17.2 pytest==5.2.1 atomicwrites==1.3.0 attrs==19.2.0 pluggy==0.13.0 py==1.8.0 packaging==19.2 more_itertools==7.2.0 pytz==2019.3 python-dateutil==2.8.0 six==1.9.0 hypothesis==4.39.0,Exhausted all options,24338.2021
pandas_142_0.log,numpy==1.17.2 pytest==5.2.0 atomicwrites==1.3.0 attrs==19.2.0 pluggy==0.13.0 py==1.8.0 packaging==19.2 more_itertools==7.2.0 pytz==2019.2 python-dateutil==2.8.0 six==1.9.0 hypothesis==4.38.0,Exhausted all options,24503.8823
pandas_145_0.log,numpy==1.17.2 pytest==5.1.2 atomicwrites==1.3.0 attrs==19.1.0 pluggy==0.13.0 py==1.8.0 packaging==19.2 more_itertools==7.2.0 pytz==2019.2 python-dateutil==2.8.0 six==1.9.0 hypothesis==4.36.2,Exhausted all options,22043.628
pandas_146_0.log,numpy==1.17.2 pytest==5.1.2 atomicwrites==1.3.0 attrs==19.1.0 pluggy==0.13.0 py==1.8.0 packaging==19.2 more_itertools==7.2.0 pytz==2019.2 python-dateutil==2.8.0 six==1.9.0 hypothesis==4.36.2,Exhausted all options,24292.1021
pandas_147_0.log,numpy==1.17.2 pytest==5.1.2 atomicwrites==1.3.0 attrs==19.1.0 pluggy==0.13.0 py==1.8.0 packaging==19.2 more_itertools==7.2.0 pytz==2019.2 python-dateutil==2.8.0 six==1.9.0 hypothesis==4.36.2,Exhausted all options,18925.5444
pandas_152_0.log,numpy==1.17.2 pytest==5.1.2 atomicwrites==1.3.0 attrs==19.1.0 pluggy==0.13.0 py==1.8.0 packaging==19.1 more_itertools==7.2.0 pytz==2019.2 python-dateutil==2.8.0 six==1.9.0 hypothesis==4.36.0,Exhausted all options,22121.0375
pandas_154_0.log,numpy==1.17.2 pytest==5.1.2 atomicwrites==1.3.0 attrs==19.1.0 pluggy==0.12.0 importlib_metadata==0.20 zipp==0.6.0 more_itertools==7.2.0,Exhausted all options,16382.5202
pandas_154_1.log,numpy==1.17.2 pytest==5.1.2 atomicwrites==1.3.0 attrs==19.1.0 pluggy==0.12.0 importlib_metadata==0.20 zipp==0.6.0 more_itertools==7.2.0,Exhausted all options,16410.7563
pandas_17_0.log,pytest==5.4.1 py==1.8.1 attrs==19.3.0 pluggy==0.13.1 packaging==20.3 more_itertools==8.2.0 pytz==2019.3 python-dateutil==2.8.1 six==1.9.0 hypothesis==5.10.4 sortedcontainers==2.1.0 wcwidth==0.1.9,Exhausted all options,19639.912
pandas_2_0.log,virtualenv==20.0.21 cython==3.0a5 numpy==1.19.0rc1 pytest==5.4.2 py==1.8.1 attrs==19.3.0 pluggy==0.13.1 packaging==20.4 more_itertools==8.3.0 pytz==2020.1 python-dateutil==2.8.1 six==1.9.0 hypothesis==5.15.1 sortedcontainers==2.1.0,Exhausted all options,22017.9319
pandas_30_0.log,pytest==5.4.1 py==1.8.1 attrs==19.3.0 pluggy==0.13.1 packaging==20.3 more_itertools==8.2.0 pytz==2019.3 python-dateutil==2.8.1 six==1.9.0 hypothesis==5.8.0 sortedcontainers==2.1.0 wcwidth==0.1.9,Exhausted all options,20357.6765
pandas_31_0.log,pytest==5.4.1 py==1.8.1 attrs==19.3.0 pluggy==0.13.1 packaging==20.3 more_itertools==8.2.0 pytz==2019.3 python-dateutil==2.8.1 six==1.9.0 hypothesis==5.8.0 sortedcontainers==2.1.0 wcwidth==0.1.9,Exhausted all options,19669.0491
pandas_36_0.log,pytest==5.4.1 py==1.8.1 attrs==19.3.0 pluggy==0.13.1 packaging==20.3 more_itertools==8.2.0 pytz==2019.3 python-dateutil==2.8.1 six==1.9.0 hypothesis==5.8.0 sortedcontainers==2.1.0 wcwidth==0.1.9,Exhausted all options,20452.4208
pandas_37_0.log,pytest==5.4.1 py==1.8.1 attrs==19.3.0 pluggy==0.13.1 packaging==20.3 more_itertools==8.2.0 pytz==2019.3 python-dateutil==2.8.1 six==1.9.0 hypothesis==5.8.0 sortedcontainers==2.1.0 wcwidth==0.1.9,Exhausted all options,19586.6796
pandas_4_1.log,virtualenv==20.0.20 cython==3.0a4 numpy==1.18.4,Exhausted all options,366.006377
pandas_45_0.log,pytest==5.4.1 py==1.8.1 attrs==19.3.0 pluggy==0.13.1 packaging==20.3 more_itertools==8.2.0 pytz==2019.3 python-dateutil==2.8.1 six==1.9.0 hypothesis==5.6.0 sortedcontainers==2.1.0 wcwidth==0.1.8,Exhausted all options,20461.1702
pandas_48_0.log,pytest==5.3.5 attrs==19.3.0 pluggy==0.13.1 py==1.8.1 packaging==20.3 more_itertools==8.2.0 pytz==2019.3 python-dateutil==2.8.1 six==1.9.0 hypothesis==5.6.0 sortedcontainers==2.1.0,Exhausted all options,18821.7971
pandas_49_0.log,pytest==5.3.5 attrs==19.3.0 pluggy==0.13.1 py==1.8.1 packaging==20.3 more_itertools==8.2.0 pytz==2019.3 python-dateutil==2.8.1 six==1.9.0 hypothesis==5.6.0 sortedcontainers==2.1.0,Exhausted all options,18897.8629
pandas_5_1.log,virtualenv==20.0.20 cython==3.0a4 numpy==1.18.4,Exhausted all options,391.207591
pandas_51_0.log,pytest==5.3.5 attrs==19.3.0 pluggy==0.13.1 py==1.8.1 packaging==20.1 more_itertools==8.2.0 pytz==2019.3 python-dateutil==2.8.1 six==1.9.0 hypothesis==5.5.4 sortedcontainers==2.1.0,Exhausted all options,18691.2302
pandas_57_0.log,pytest==5.3.5 attrs==19.3.0 pluggy==0.13.1 py==1.8.1 packaging==20.1 more_itertools==8.2.0 pytz==2019.3 python-dateutil==2.8.1 six==1.9.0 hypothesis==5.5.4 sortedcontainers==2.1.0,Exhausted all options,18774.4777
pandas_63_0.log,pytest==5.3.5 attrs==19.3.0 pluggy==0.13.1 py==1.8.1 packaging==20.1 more_itertools==8.2.0 pytz==2019.3 python-dateutil==2.8.1 six==1.9.0 hypothesis==5.4.2 sortedcontainers==2.1.0,Exhausted all options,18198.0215
pandas_68_0.log,pytest==5.3.5 attrs==19.3.0 pluggy==0.13.1 py==1.8.1 packaging==20.1 more_itertools==8.2.0 pytz==2019.3 python-dateutil==2.8.1 six==1.9.0 hypothesis==5.4.1 sortedcontainers==2.1.0,Exhausted all options,9285.25664
pandas_7_0.log,pytest==5.3.5 attrs==19.3.0 pluggy==0.13.1 py==1.8.1 packaging==20.1 more_itertools==8.2.0 pytz==2019.3 python-dateutil==2.8.1 six==1.9.0 hypothesis==5.4.1 sortedcontainers==2.1.0,Exhausted all options,18515.2055
pandas_77_0.log,pytest==5.3.4 attrs==19.3.0 pluggy==0.13.1 py==1.8.1 packaging==20.0 more_itertools==8.1.0 pytz==2019.3 python-dateutil==2.8.1 six==1.9.0 hypothesis==5.3.0 sortedcontainers==2.1.0,Exhausted all options,17445.4603
pandas_79_0.log,pytest==5.3.4 attrs==19.3.0 pluggy==0.13.1 py==1.8.1 packaging==20.0 more_itertools==8.1.0 pytz==2019.3 python-dateutil==2.8.1 six==1.9.0 hypothesis==5.3.0 sortedcontainers==2.1.0,Exhausted all options,18845.6867
pandas_86_0.log,pytest==5.3.3 attrs==19.3.0 pluggy==0.13.1 py==1.8.1 packaging==20.0 more_itertools==8.1.0 pytz==2019.3 python-dateutil==2.8.1 six==1.9.0 hypothesis==5.1.5 sortedcontainers==2.1.0,Exhausted all options,18030.1225
pandas_90_0.log,pytest==5.3.2 attrs==19.3.0 pluggy==0.13.1 py==1.8.1 packaging==20.0 more_itertools==8.0.2 pytz==2019.3 python-dateutil==2.8.1 six==1.9.0 hypothesis==5.1.2 sortedcontainers==2.1.0,Exhausted all options,12345.5673
pandas_91_0.log,pytest==5.3.2 attrs==19.3.0 pluggy==0.13.1 py==1.8.1 packaging==20.0 more_itertools==8.0.2 pytz==2019.3 python-dateutil==2.8.1 six==1.9.0 hypothesis==5.1.2 sortedcontainers==2.1.0,Exhausted all options,18741.2148
pandas_99_0.log,numpy==1.18.0 pytest==5.3.2 attrs==19.3.0 pluggy==0.13.1 py==1.8.1 packaging==19.2 more_itertools==8.0.2 pytz==2019.3 python-dateutil==2.8.1 six==1.9.0 hypothesis==5.0.1 sortedcontainers==2.1.0,Exhausted all options,18893.2346
PySnooper_2_1.log,pytest==5.0.1 atomicwrites==1.3.0 attrs==19.1.0 pluggy==0.12.0 importlib_metadata==0.19 zipp==0.5.2,Exhausted all options,612.4686
scrapy_1_0.log,w3lib==1.21.0 lxml==4.5.0 parsel==1.5.2 cssselect==1.1.0 service_identity==18.1.0 pyasn1_modules==0.2.8,Exhausted all options,1559.69928
scrapy_1_1.log,w3lib==1.21.0 lxml==4.5.0 parsel==1.5.2 cssselect==1.1.0 service_identity==18.1.0 pyasn1_modules==0.2.8,Exhausted all options,1600.78313
scrapy_10_1.log,w3lib==1.15.0 lxml==3.6.4,Exhausted all options,286.198521
scrapy_11_0.log,w3lib==1.15.0 lxml==3.6.1,Exhausted all options,303.935946
scrapy_11_1.log,w3lib==1.15.0 lxml==3.6.1,Exhausted all options,391.698007
scrapy_12_1.log,w3lib==1.15.0 lxml==3.6.1,Exhausted all options,320.306603
scrapy_13_0.log,w3lib==1.15.0 lxml==3.6.1,Exhausted all options,333.362971
scrapy_13_1.log,w3lib==1.15.0 lxml==3.6.1,Exhausted all options,308.346486
scrapy_14_0.log,w3lib==1.14.2 lxml==3.6.0,Exhausted all options,349.96225
scrapy_14_1.log,w3lib==1.14.2 lxml==3.6.0,Exhausted all options,317.90795
scrapy_15_1.log,w3lib==1.14.2 lxml==3.6.0,Exhausted all options,323.432155
scrapy_16_1.log,w3lib==1.14.2 lxml==3.6.0,Exhausted all options,219.756424
scrapy_17_1.log,w3lib==1.13.0 lxml==3.5.0,Exhausted all options,394.157768
scrapy_18_0.log,w3lib==1.13.0 lxml==3.5.0,Exhausted all options,323.778387
scrapy_18_1.log,w3lib==1.13.0 lxml==3.5.0,Exhausted all options,321.146834
scrapy_19_0.log,w3lib==1.13.0 lxml==3.5.0,Exhausted all options,353.2624
scrapy_19_1.log,w3lib==1.13.0 lxml==3.5.0,Exhausted all options,335.159947
scrapy_2_0.log,w3lib==1.21.0,Exhausted all options,269.596228
scrapy_20_1.log,testfixtures==4.8.0 w3lib==1.13.0 lxml==3.5.0,Exhausted all options,479.10412
scrapy_21_0.log,w3lib==1.13.0 service_identity==14.0.0 pyasn1_modules==0.0.8 characteristic==14.3.0 lxml==3.5.0,Exhausted all options,961.858666
scrapy_21_1.log,w3lib==1.13.0 service_identity==14.0.0 pyasn1_modules==0.0.8 characteristic==14.3.0 lxml==3.5.0,Exhausted all options,850.456305
scrapy_22_0.log,leveldb==0.193,Exhausted all options,508.343079
scrapy_22_1.log,leveldb==0.193,Exhausted all options,473.301912
scrapy_23_0.log,w3lib==1.13.0 lxml==3.5.0,Exhausted all options,255.497684
scrapy_23_1.log,w3lib==1.13.0 lxml==3.5.0,Exhausted all options,305.633896
scrapy_24_1.log,w3lib==1.13.0 service_identity==14.0.0 pyasn1_modules==0.0.8 characteristic==14.3.0 lxml==3.5.0,Exhausted all options,896.571137
scrapy_25_0.log,w3lib==1.12.0 lxml==3.5.0b1,Exhausted all options,301.170072
scrapy_25_1.log,w3lib==1.13.0 lxml==3.5.0b1,Exhausted all options,336.558208
scrapy_26_1.log,w3lib==1.12.0 lxml==3.5.0b1,Exhausted all options,299.762577
scrapy_27_1.log,w3lib==1.12.0 lxml==3.4.4,Exhausted all options,308.532537
scrapy_28_0.log,w3lib==1.12.0 lxml==3.4.4,Exhausted all options,321.783584
scrapy_28_1.log,w3lib==1.12.0 lxml==3.4.4,Exhausted all options,331.717616
scrapy_29_1.log,w3lib==1.12.0 lxml==3.4.4,Exhausted all options,309.432075
scrapy_3_1.log,w3lib==1.21.0 lxml==4.4.1 parsel==1.5.2 cssselect==1.1.0 service_identity==18.1.0 pyasn1_modules==0.2.7,Exhausted all options,1502.86443
scrapy_30_0.log,w3lib==1.12.0 lxml==3.4.4,Exhausted all options,320.402912
scrapy_30_1.log,w3lib==1.12.0 lxml==3.4.4,Exhausted all options,311.825846
scrapy_31_0.log,w3lib==1.12.0 lxml==3.4.4,Exhausted all options,321.613899
scrapy_31_1.log,w3lib==1.12.0 lxml==3.4.4,Exhausted all options,295.211464
scrapy_32_1.log,w3lib==1.11.0 lxml==3.4.4,Exhausted all options,321.946421
scrapy_33_0.log,testfixtures==4.1.2 service_identity==14.0.0 pyasn1_modules==0.0.5 characteristic==14.3.0 w3lib==1.11.0 lxml==3.4.4,Exhausted all options,1088.82885
scrapy_33_1.log,testfixtures==4.1.2 service_identity==14.0.0 pyasn1_modules==0.0.5 w3lib==1.11.0 lxml==3.4.4,Exhausted all options,1259.07655
scrapy_34_0.log,w3lib==1.11.0 lxml==3.4.4,Exhausted all options,215.649272
scrapy_34_1.log,w3lib==1.11.0 lxml==3.4.4,Exhausted all options,392.234111
scrapy_35_0.log,w3lib==1.11.0 lxml==3.4.3,Exhausted all options,298.892537
scrapy_35_1.log,w3lib==1.11.0 lxml==3.4.3,Exhausted all options,290.468052
scrapy_36_0.log,w3lib==1.21.0 lxml==4.5.0 parsel==1.6.0 cssselect==1.1.0 service_identity==18.1.0 pyasn1_modules==0.2.8,Exhausted all options,1412.20881
scrapy_39_1.log,testfixtures==4.13.4 w3lib==1.17.0 lxml==3.7.2,Exhausted all options,415.31861
scrapy_4_0.log,w3lib==1.19.0 lxml==4.2.4 parsel==1.5.0 cssselect==1.0.3 service_identity==17.0.0 pyasn1_modules==0.2.2 Twisted==18.7.0,Exhausted all options,3220.84113
scrapy_40_0.log,leveldb==0.193,Exhausted all options,411.977552
scrapy_40_1.log,leveldb==0.193,Exhausted all options,493.693107
scrapy_6_0.log,w3lib==1.17.0 lxml==3.7.3,Exhausted all options,316.744051
scrapy_6_1.log,w3lib==1.17.0 lxml==3.7.3,Exhausted all options,377.08567
scrapy_7_0.log,w3lib==1.17.0 lxml==3.7.2,Exhausted all options,303.845726
scrapy_7_1.log,w3lib==1.17.0 lxml==3.7.2,Exhausted all options,292.452034
scrapy_8_0.log,w3lib==1.16.0 lxml==3.7.2,Exhausted all options,293.61923
scrapy_8_1.log,w3lib==1.16.0 lxml==3.7.2,Exhausted all options,335.935787
scrapy_9_0.log,w3lib==1.16.0 lxml==3.6.4,Exhausted all options,393.460715
scrapy_9_1.log,w3lib==1.16.0 lxml==3.6.4,Exhausted all options,357.10042
tornado_1_0.log,virtualenv==16.4.3,Exhausted all options,88.6979485
tornado_1_1.log,virtualenv==16.4.3,Exhausted all options,57.9462724
tornado_10_0.log,virtualenv==15.1.0,Exhausted all options,112.735026
tornado_10_1.log,virtualenv==15.1.0,Exhausted all options,114.167871
tornado_11_0.log,virtualenv==15.0.2,Exhausted all options,127.202897
tornado_11_1.log,virtualenv==15.0.2,Exhausted all options,94.2159054
tornado_12_0.log,virtualenv==13.1.2,Exhausted all options,145.343529
tornado_12_1.log,unittest==0.0,Exhausted all options,73.554409
tornado_13_0.log,virtualenv==14.0.6,Exhausted all options,68.4118428
tornado_13_1.log,unittest==0.0,Exhausted all options,78.2354629
tornado_14_0.log,virtualenv==13.1.0,Exhausted all options,120.03401
tornado_14_1.log,virtualenv==13.1.0,Exhausted all options,83.2838659
tornado_15_0.log,unittest==0.0,Exhausted all options,79.0344055
tornado_15_1.log,unittest==0.0,Exhausted all options,84.5298839
tornado_16_0.log,virtualenv==12.1.1,Exhausted all options,94.8137033
tornado_16_1.log,unittest==0.0,Exhausted all options,80.1410322
tornado_2_0.log,virtualenv==16.0.0,Exhausted all options,68.6604235
tornado_2_1.log,virtualenv==16.2.0,Exhausted all options,115.723346
tornado_3_0.log,virtualenv==16.1.0,Exhausted all options,101.443942
tornado_3_1.log,virtualenv==16.1.0,Exhausted all options,73.5533283
tornado_4_0.log,virtualenv==16.1.0,Exhausted all options,84.1997144
tornado_4_1.log,virtualenv==16.1.0,Exhausted all options,84.22335
tornado_5_0.log,virtualenv==15.2.0,Exhausted all options,83.0021152
tornado_5_1.log,unittest==0.0,Exhausted all options,72.4717305
tornado_6_0.log,unittest==0.0,Exhausted all options,118.672236
tornado_6_1.log,unittest==0.0,Exhausted all options,78.9440882
tornado_7_0.log,virtualenv==15.1.0,Exhausted all options,95.3303378
tornado_7_1.log,unittest==0.0,Exhausted all options,67.3021719
tornado_8_0.log,virtualenv==15.1.0,Exhausted all options,92.366086
tornado_8_1.log,virtualenv==15.1.0,Exhausted all options,88.5369737
tornado_9_0.log,virtualenv==15.1.0,Exhausted all options,84.903594
tornado_9_1.log,virtualenv==15.1.0,Exhausted all options,74.8024974
black_10_0.log,click==7.0 appdirs==1.4.3 attrs==18.2.0 toml==0.10.0,No longer recognized as a dependency error,315.876284
black_11_0.log,virtualenv==16.2.0 click==7.0 appdirs==1.4.3 attrs==18.2.0 toml==0.10.0,No longer recognized as a dependency error,482.191913
black_12_0.log,virtualenv==16.0.0 click==6.7 appdirs==1.4.3 attrs==18.1.0 toml==0.9.4,No longer recognized as a dependency error,486.037286
black_13_0.log,virtualenv==16.0.0 click==6.7 appdirs==1.4.3 attrs==18.1.0 toml==0.9.4,No longer recognized as a dependency error,467.595901
black_14_0.log,click==6.7 appdirs==1.4.3 attrs==18.1.0 toml==0.9.4,No longer recognized as a dependency error,383.579898
black_15_0.log,virtualenv==16.0.0 click==6.7 appdirs==1.4.3 attrs==18.1.0 toml==0.9.4,No longer recognized as a dependency error,517.148254
black_16_0.log,click==6.7 appdirs==1.4.3 attrs==18.1.0 toml==0.9.4,No longer recognized as a dependency error,358.302966
black_17_0.log,virtualenv==16.0.0 click==6.7 appdirs==1.4.3 attrs==18.1.0,No longer recognized as a dependency error,447.061106
black_18_0.log,virtualenv==16.0.0 click==6.7 appdirs==1.4.3 attrs==18.1.0,No longer recognized as a dependency error,409.872573
black_19_0.log,virtualenv==15.2.0 click==6.7 appdirs==1.4.3 attrs==17.4.0,No longer recognized as a dependency error,349.867242
black_20_0.log,virtualenv==15.2.0 click==6.7 appdirs==1.4.3 attrs==17.4.0,No longer recognized as a dependency error,395.267294
black_22_0.log,virtualenv==15.2.0 click==6.7 attrs==17.4.0,No longer recognized as a dependency error,324.421145
black_23_0.log,virtualenv==15.2.0 click==6.7 attrs==17.4.0,No longer recognized as a dependency error,326.456393
black_4_0.log,virtualenv==16.7.2 click==7.0 appdirs==1.4.3 attrs==19.1.0 toml==0.10.0 typed_ast==1.4.0,No longer recognized as a dependency error,508.362658
black_5_0.log,virtualenv==16.6.0 click==7.0 appdirs==1.4.3 attrs==19.1.0 toml==0.10.0 typed_ast==1.4.0,No longer recognized as a dependency error,588.736832
black_7_0.log,virtualenv==16.5.0 click==7.0 appdirs==1.4.3 attrs==19.1.0 toml==0.10.0,No longer recognized as a dependency error,514.643547
black_8_0.log,click==7.0 appdirs==1.4.3 attrs==19.1.0 toml==0.10.0,No longer recognized as a dependency error,323.890175
black_9_0.log,virtualenv==16.4.3 click==7.0 appdirs==1.4.3 attrs==19.1.0 toml==0.10.0,No longer recognized as a dependency error,517.111484
matplotlib_1_0.log,pytest==5.4.3 py==1.8.1 attrs==19.3.0 pluggy==1.0.0.dev0 packaging==20.4 more_itertools==8.3.0 wcwidth==0.2.4,No longer recognized as a dependency error,2134.24172
pandas_1_0.log,virtualenv==20.0.21 cython==3.0a5 numpy==1.19.0rc1 pytest==5.4.2 py==1.8.1 attrs==19.3.0 pluggy==0.13.1 packaging==20.4 more_itertools==8.3.0 pytz==2020.1 python-dateutil==2.8.1 six==1.9.0 hypothesis==5.15.1 sortedcontainers==2.1.0 wcwidth==0.1.9,No longer recognized as a dependency error,21763.6444
pandas_10_0.log,pytest==5.4.1 py==1.8.1 attrs==19.3.0 pluggy==0.13.1 packaging==20.3 more_itertools==8.2.0 pytz==2020.1 python-dateutil==2.8.1 six==1.9.0 hypothesis==5.10.5 sortedcontainers==2.1.0 wcwidth==0.1.9,No longer recognized as a dependency error,18564.7625
pandas_100_0.log,numpy==1.18.0 pytest==5.3.2 attrs==19.3.0 pluggy==0.13.1 py==1.8.1 packaging==19.2 more_itertools==8.0.2 pytz==2019.3 python-dateutil==2.8.1 six==1.9.0 hypothesis==5.0.1 sortedcontainers==2.1.0,No longer recognized as a dependency error,18988.4635
pandas_101_0.log,numpy==1.18.0 pytest==5.3.2 attrs==19.3.0 pluggy==0.13.1 py==1.8.1 packaging==19.2 more_itertools==8.0.2 pytz==2019.3 python-dateutil==2.8.1 six==1.9.0 hypothesis==5.0.0 sortedcontainers==2.1.0,No longer recognized as a dependency error,19762.1903
pandas_102_0.log,numpy==1.18.0 pytest==5.3.2 attrs==19.3.0 pluggy==0.13.1 py==1.8.1 packaging==19.2 more_itertools==8.0.2 pytz==2019.3 python-dateutil==2.8.1 six==1.9.0 hypothesis==5.0.0 sortedcontainers==2.1.0,No longer recognized as a dependency error,12185.0585
pandas_107_0.log,numpy==1.18.0 pytest==5.3.2 attrs==19.3.0 pluggy==0.13.1 py==1.8.0 packaging==19.2 more_itertools==8.0.2 pytz==2019.3 python-dateutil==2.8.1 six==1.9.0 hypothesis==4.56.3 sortedcontainers==2.1.0,No longer recognized as a dependency error,19808.5562
pandas_108_0.log,numpy==1.18.0rc1 pytest==5.3.2 attrs==19.3.0 pluggy==0.13.1 py==1.8.0 packaging==19.2 more_itertools==8.0.2 pytz==2019.3 python-dateutil==2.8.1 six==1.9.0 hypothesis==4.56.1 sortedcontainers==2.1.0,No longer recognized as a dependency error,17681.2749
pandas_109_0.log,numpy==1.18.0rc1 pytest==5.3.2 attrs==19.3.0 pluggy==0.13.1 py==1.8.0 packaging==19.2 more_itertools==8.0.2 pytz==2019.3 python-dateutil==2.8.1 six==1.9.0 hypothesis==4.55.2 sortedcontainers==2.1.0,No longer recognized as a dependency error,17436.6249
pandas_111_0.log,numpy==1.18.0rc1 pytest==5.3.1 attrs==19.3.0 pluggy==0.13.1 py==1.8.0 packaging==19.2 more_itertools==8.0.2 pytz==2019.3 python-dateutil==2.8.1 six==1.9.0 hypothesis==4.53.1,No longer recognized as a dependency error,18675.4255
pandas_113_0.log,numpy==1.18.0rc1 pytest==5.3.1 attrs==19.3.0 pluggy==0.13.1 py==1.8.0 packaging==19.2 more_itertools==8.0.2 pytz==2019.3 python-dateutil==2.8.1 six==1.9.0 hypothesis==4.53.1,No longer recognized as a dependency error,9233.2615
pandas_114_0.log,numpy==1.17.4 pytest==5.3.1 attrs==19.3.0 pluggy==0.13.1 py==1.8.0 packaging==19.2 more_itertools==8.0.0 pytz==2019.3 python-dateutil==2.8.1 six==1.9.0 hypothesis==4.50.6,No longer recognized as a dependency error,18523.2541
pandas_115_0.log,numpy==1.17.4 pytest==5.3.1 attrs==19.3.0 pluggy==0.13.1 py==1.8.0 packaging==19.2 more_itertools==8.0.0 pytz==2019.3 python-dateutil==2.8.1 six==1.9.0 hypothesis==4.50.6,No longer recognized as a dependency error,18694.0533
pandas_116_0.log,numpy==1.17.4 pytest==5.3.1 attrs==19.3.0 pluggy==0.13.1 py==1.8.0 packaging==19.2 more_itertools==8.0.0 pytz==2019.3 python-dateutil==2.8.1 six==1.9.0 hypothesis==4.50.4,No longer recognized as a dependency error,17768.1022
pandas_117_0.log,numpy==1.17.4 pytest==5.3.1 attrs==19.3.0 pluggy==0.13.1 py==1.8.0 packaging==19.2 more_itertools==7.2.0 pytz==2019.3 python-dateutil==2.8.1 six==1.9.0 hypothesis==4.50.2,No longer recognized as a dependency error,18577.7071
pandas_118_0.log,numpy==1.17.4 pytest==5.3.0 attrs==19.3.0 pluggy==0.13.1 py==1.8.0 packaging==19.2 more_itertools==7.2.0 pytz==2019.3 python-dateutil==2.8.1 six==1.9.0 hypothesis==4.46.1,No longer recognized as a dependency error,18688.7074
pandas_119_0.log,numpy==1.17.4 pytest==5.3.0 attrs==19.3.0 pluggy==0.13.1 py==1.8.0 packaging==19.2 more_itertools==7.2.0 pytz==2019.3 python-dateutil==2.8.1 six==1.9.0 hypothesis==4.46.1,No longer recognized as a dependency error,18695.5996
pandas_121_0.log,numpy==1.17.4 pytest==5.2.4 atomicwrites==1.3.0 attrs==19.3.0 pluggy==0.13.0 py==1.8.0 packaging==19.2 more_itertools==7.2.0 pytz==2019.3 python-dateutil==2.8.1 six==1.9.0 hypothesis==4.44.2,No longer recognized as a dependency error,20514.1234
pandas_122_0.log,numpy==1.17.4 pytest==5.2.4 atomicwrites==1.3.0 attrs==19.3.0 pluggy==0.13.0 py==1.8.0 packaging==19.2 more_itertools==7.2.0 pytz==2019.3 python-dateutil==2.8.1 six==1.9.0 hypothesis==4.44.2,No longer recognized as a dependency error,20514.8323
pandas_123_0.log,numpy==1.17.4 pytest==5.2.4 atomicwrites==1.3.0 attrs==19.3.0 pluggy==0.13.0 py==1.8.0 packaging==19.2 more_itertools==7.2.0 pytz==2019.3 python-dateutil==2.8.1 six==1.9.0 hypothesis==4.44.2,No longer recognized as a dependency error,19310.4735
pandas_124_0.log,numpy==1.17.4 pytest==5.2.4 atomicwrites==1.3.0 attrs==19.3.0 pluggy==0.13.0 py==1.8.0 packaging==19.2 more_itertools==7.2.0 pytz==2019.3 python-dateutil==2.8.1 six==1.9.0 hypothesis==4.44.2,No longer recognized as a dependency error,20617.8165
pandas_125_0.log,numpy==1.17.4 pytest==5.2.4 atomicwrites==1.3.0 attrs==19.3.0 pluggy==0.13.0 py==1.8.0 packaging==19.2 more_itertools==7.2.0 pytz==2019.3 python-dateutil==2.8.1 six==1.9.0 hypothesis==4.44.2,No longer recognized as a dependency error,20442.358
pandas_127_0.log,numpy==1.17.4 pytest==5.2.3 atomicwrites==1.3.0 attrs==19.3.0 pluggy==0.13.0 py==1.8.0 packaging==19.2 more_itertools==7.2.0 pytz==2019.3 python-dateutil==2.8.1 six==1.9.0 hypothesis==4.44.2,No longer recognized as a dependency error,11340.4176
pandas_128_0.log,numpy==1.17.4 pytest==5.2.2 atomicwrites==1.3.0 attrs==19.3.0 pluggy==0.13.0 py==1.8.0 packaging==19.2 more_itertools==7.2.0 pytz==2019.3 python-dateutil==2.8.1 six==1.9.0 hypothesis==4.44.2,No longer recognized as a dependency error,20572.2921
pandas_130_0.log,numpy==1.17.3 pytest==5.2.2 atomicwrites==1.3.0 attrs==19.3.0 pluggy==0.13.0 py==1.8.0 packaging==19.2 more_itertools==7.2.0 pytz==2019.3 python-dateutil==2.8.1 six==1.9.0 hypothesis==4.43.5,No longer recognized as a dependency error,20469.9782
pandas_131_0.log,numpy==1.17.3 pytest==5.2.2 atomicwrites==1.3.0 attrs==19.3.0 pluggy==0.13.0 py==1.8.0 packaging==19.2 more_itertools==7.2.0 pytz==2019.3 python-dateutil==2.8.0 six==1.9.0 hypothesis==4.42.7,No longer recognized as a dependency error,20471.5285
pandas_133_0.log,numpy==1.17.3 pytest==5.2.2 atomicwrites==1.3.0 attrs==19.3.0 pluggy==0.13.0 py==1.8.0 packaging==19.2 more_itertools==7.2.0 pytz==2019.3 python-dateutil==2.8.0 six==1.9.0 hypothesis==4.41.3,No longer recognized as a dependency error,18684.7203
pandas_134_0.log,numpy==1.17.3 pytest==5.2.1 atomicwrites==1.3.0 attrs==19.3.0 pluggy==0.13.0 py==1.8.0 packaging==19.2 more_itertools==7.2.0 pytz==2019.3 python-dateutil==2.8.0 six==1.9.0 hypothesis==4.41.3,No longer recognized as a dependency error,19791.9067
pandas_135_0.log,numpy==1.17.3 pytest==5.2.1 atomicwrites==1.3.0 attrs==19.3.0 pluggy==0.13.0 py==1.8.0 packaging==19.2 more_itertools==7.2.0 pytz==2019.3 python-dateutil==2.8.0 six==1.9.0 hypothesis==4.41.3,No longer recognized as a dependency error,20336.8653
pandas_136_0.log,numpy==1.17.2 pytest==5.2.1 atomicwrites==1.3.0 attrs==19.2.0 pluggy==0.13.0 py==1.8.0 packaging==19.2 more_itertools==7.2.0 pytz==2019.3 python-dateutil==2.8.0 six==1.9.0 hypothesis==4.40.0,No longer recognized as a dependency error,22512.0063
pandas_137_0.log,numpy==1.17.2 pytest==5.2.1 atomicwrites==1.3.0 attrs==19.2.0 pluggy==0.13.0 py==1.8.0 packaging==19.2 more_itertools==7.2.0 pytz==2019.3 python-dateutil==2.8.0 six==1.9.0 hypothesis==4.39.0,No longer recognized as a dependency error,15033.9755
pandas_139_0.log,numpy==1.17.2 pytest==5.2.1 atomicwrites==1.3.0 attrs==19.2.0 pluggy==0.13.0 py==1.8.0 packaging==19.2 more_itertools==7.2.0 pytz==2019.3 python-dateutil==2.8.0 six==1.9.0 hypothesis==4.38.3,No longer recognized as a dependency error,19285.6698
pandas_14_0.log,pytest==5.4.1 py==1.8.1 attrs==19.3.0 pluggy==0.13.1 packaging==20.3 more_itertools==8.2.0 pytz==2019.3 python-dateutil==2.8.1 six==1.9.0 hypothesis==5.10.4 sortedcontainers==2.1.0,No longer recognized as a dependency error,15807.2809
pandas_141_0.log,numpy==1.17.2 pytest==5.2.0 atomicwrites==1.3.0 attrs==19.2.0 pluggy==0.13.0 py==1.8.0 packaging==19.2 more_itertools==7.2.0 pytz==2019.2 python-dateutil==2.8.0 six==1.9.0 hypothesis==4.38.1,No longer recognized as a dependency error,13608.1144
pandas_143_0.log,numpy==1.17.2 pytest==5.2.0 atomicwrites==1.3.0 attrs==19.1.0 pluggy==0.13.0 py==1.8.0 packaging==19.2 more_itertools==7.2.0 pytz==2019.2 python-dateutil==2.8.0 six==1.9.0 hypothesis==4.37.0,No longer recognized as a dependency error,24320.157
pandas_148_0.log,numpy==1.17.2 pytest==5.1.2 atomicwrites==1.3.0 attrs==19.1.0 pluggy==0.13.0 py==1.8.0 packaging==19.2 more_itertools==7.2.0 pytz==2019.2 python-dateutil==2.8.0 six==1.9.0 hypothesis==4.36.1,No longer recognized as a dependency error,24463.6339
pandas_15_0.log,pytest==5.4.1 py==1.8.1 attrs==19.3.0 pluggy==0.13.1 packaging==20.3 more_itertools==8.2.0 pytz==2019.3 python-dateutil==2.8.1 six==1.9.0 hypothesis==5.10.4 sortedcontainers==2.1.0 wcwidth==0.1.9,No longer recognized as a dependency error,18859.4121
pandas_150_0.log,numpy==1.17.2 pytest==5.1.2 atomicwrites==1.3.0 attrs==19.1.0 pluggy==0.13.0 py==1.8.0 packaging==19.1 more_itertools==7.2.0 pytz==2019.2 python-dateutil==2.8.0 six==1.9.0 hypothesis==4.36.1,No longer recognized as a dependency error,16732.5585
pandas_153_0.log,numpy==1.17.2 pytest==5.1.2 atomicwrites==1.3.0 attrs==19.1.0 pluggy==0.13.0 py==1.8.0 packaging==19.1 more_itertools==7.2.0 pytz==2019.2 python-dateutil==2.8.0 six==1.9.0 hypothesis==4.36.0,No longer recognized as a dependency error,21919.861
pandas_16_0.log,pytest==5.4.1 py==1.8.1 attrs==19.3.0 pluggy==0.13.1 packaging==20.3 more_itertools==8.2.0 pytz==2019.3 python-dateutil==2.8.1 six==1.9.0 hypothesis==5.10.4 sortedcontainers==2.1.0 wcwidth==0.1.9,No longer recognized as a dependency error,18273.5082
pandas_18_0.log,pytest==5.4.1 py==1.8.1 attrs==19.3.0 pluggy==0.13.1 packaging==20.3 more_itertools==8.2.0 pytz==2019.3 python-dateutil==2.8.1 six==1.9.0 hypothesis==5.10.4 sortedcontainers==2.1.0 wcwidth==0.1.9,No longer recognized as a dependency error,18810.4737
pandas_19_0.log,pytest==5.4.1 py==1.8.1 attrs==19.3.0 pluggy==0.13.1 packaging==20.3 more_itertools==8.2.0 pytz==2019.3 python-dateutil==2.8.1 six==1.9.0 hypothesis==5.10.4 sortedcontainers==2.1.0,No longer recognized as a dependency error,17020.0258
pandas_20_0.log,pytest==5.4.1 py==1.8.1 attrs==19.3.0 pluggy==0.13.1 packaging==20.3 more_itertools==8.2.0 pytz==2019.3 python-dateutil==2.8.1 six==1.9.0 hypothesis==5.10.4 sortedcontainers==2.1.0 wcwidth==0.1.9,No longer recognized as a dependency error,18927.3538
pandas_21_0.log,pytest==5.4.1 py==1.8.1 attrs==19.3.0 pluggy==0.13.1 packaging==20.3 more_itertools==8.2.0 pytz==2019.3 python-dateutil==2.8.1 six==1.9.0 hypothesis==5.10.1 sortedcontainers==2.1.0,No longer recognized as a dependency error,17299.4303
pandas_22_0.log,pytest==5.4.1 py==1.8.1 attrs==19.3.0 pluggy==0.13.1 packaging==20.3 more_itertools==8.2.0 pytz==2019.3 python-dateutil==2.8.1 six==1.9.0 hypothesis==5.9.1 sortedcontainers==2.1.0 wcwidth==0.1.9,No longer recognized as a dependency error,19033.7702
pandas_23_0.log,pytest==5.4.1 py==1.8.1 attrs==19.3.0 pluggy==0.13.1 packaging==20.3 more_itertools==8.2.0 pytz==2019.3 python-dateutil==2.8.1 six==1.9.0 hypothesis==5.9.1 sortedcontainers==2.1.0 wcwidth==0.1.9,No longer recognized as a dependency error,18966.3076
pandas_24_0.log,pytest==5.4.1 py==1.8.1 attrs==19.3.0 pluggy==0.13.1 packaging==20.3 more_itertools==8.2.0 pytz==2019.3 python-dateutil==2.8.1 six==1.9.0 hypothesis==5.9.1 sortedcontainers==2.1.0 wcwidth==0.1.9,No longer recognized as a dependency error,17027.512
pandas_25_0.log,pytest==5.4.1 py==1.8.1 attrs==19.3.0 pluggy==0.13.1 packaging==20.3 more_itertools==8.2.0 pytz==2019.3 python-dateutil==2.8.1 six==1.9.0 hypothesis==5.8.4 sortedcontainers==2.1.0 wcwidth==0.1.9,No longer recognized as a dependency error,18866.0044
pandas_26_0.log,pytest==5.4.1 py==1.8.1 attrs==19.3.0 pluggy==0.13.1 packaging==20.3 more_itertools==8.2.0 pytz==2019.3 python-dateutil==2.8.1 six==1.9.0 hypothesis==5.8.2 sortedcontainers==2.1.0 wcwidth==0.1.9,No longer recognized as a dependency error,18906.6368
pandas_27_0.log,pytest==5.4.1 py==1.8.1 attrs==19.3.0 pluggy==0.13.1 packaging==20.3 more_itertools==8.2.0 pytz==2019.3 python-dateutil==2.8.1 six==1.9.0 hypothesis==5.8.2 sortedcontainers==2.1.0 wcwidth==0.1.9,No longer recognized as a dependency error,18910.1322
pandas_28_0.log,pytest==5.4.1 py==1.8.1 attrs==19.3.0 pluggy==0.13.1 packaging==20.3 more_itertools==8.2.0 pytz==2019.3 python-dateutil==2.8.1 six==1.9.0 hypothesis==5.8.0 sortedcontainers==2.1.0 wcwidth==0.1.9,No longer recognized as a dependency error,18575.6984
pandas_3_0.log,virtualenv==20.0.20 cython==3.0a5 numpy==1.19.0rc1 pytest==5.4.2 py==1.8.1 attrs==19.3.0 pluggy==0.13.1 packaging==20.4 more_itertools==8.3.0 pytz==2020.1 python-dateutil==2.8.1 six==1.9.0 hypothesis==5.15.0 sortedcontainers==2.1.0,No longer recognized as a dependency error,19327.3384
pandas_32_0.log,pytest==5.4.1 py==1.8.1 attrs==19.3.0 pluggy==0.13.1 packaging==20.3 more_itertools==8.2.0 pytz==2019.3 python-dateutil==2.8.1 six==1.9.0 hypothesis==5.8.0 sortedcontainers==2.1.0 wcwidth==0.1.9,No longer recognized as a dependency error,18490.4461
pandas_33_0.log,pytest==5.4.1 py==1.8.1 attrs==19.3.0 pluggy==0.13.1 packaging==20.3 more_itertools==8.2.0 pytz==2019.3 python-dateutil==2.8.1 six==1.9.0 hypothesis==5.8.0 sortedcontainers==2.1.0 wcwidth==0.1.9,No longer recognized as a dependency error,18893.3894
pandas_34_0.log,pytest==5.4.1 py==1.8.1 attrs==19.3.0 pluggy==0.13.1 packaging==20.3 more_itertools==8.2.0 pytz==2019.3 python-dateutil==2.8.1 six==1.9.0 hypothesis==5.8.0 sortedcontainers==2.1.0 wcwidth==0.1.9,No longer recognized as a dependency error,18792.4215
pandas_35_0.log,pytest==5.4.1 py==1.8.1 attrs==19.3.0 pluggy==0.13.1 packaging==20.3 more_itertools==8.2.0 pytz==2019.3 python-dateutil==2.8.1 six==1.9.0 hypothesis==5.8.0 sortedcontainers==2.1.0 wcwidth==0.1.9,No longer recognized as a dependency error,11503.6633
pandas_38_0.log,pytest==5.4.1 py==1.8.1 attrs==19.3.0 pluggy==0.13.1 packaging==20.3 more_itertools==8.2.0 pytz==2019.3 python-dateutil==2.8.1 six==1.9.0 hypothesis==5.8.0 sortedcontainers==2.1.0 wcwidth==0.1.9,No longer recognized as a dependency error,18223.7396
pandas_39_0.log,pytest==5.4.1 py==1.8.1 attrs==19.3.0 pluggy==0.13.1 packaging==20.3 more_itertools==8.2.0 pytz==2019.3 python-dateutil==2.8.1 six==1.9.0 hypothesis==5.8.0 sortedcontainers==2.1.0 wcwidth==0.1.9,No longer recognized as a dependency error,18933.849
pandas_40_0.log,pytest==5.4.1 py==1.8.1 attrs==19.3.0 pluggy==0.13.1 packaging==20.3 more_itertools==8.2.0 pytz==2019.3 python-dateutil==2.8.1 six==1.9.0 hypothesis==5.8.0 sortedcontainers==2.1.0 wcwidth==0.1.9,No longer recognized as a dependency error,19077.1373
pandas_41_0.log,pytest==5.4.1 py==1.8.1 attrs==19.3.0 pluggy==0.13.1 packaging==20.3 more_itertools==8.2.0 pytz==2019.3 python-dateutil==2.8.1 six==1.9.0 hypothesis==5.7.0 sortedcontainers==2.1.0,No longer recognized as a dependency error,17246.7761
pandas_42_0.log,pytest==5.4.1 py==1.8.1 attrs==19.3.0 pluggy==0.13.1 packaging==20.3 more_itertools==8.2.0 pytz==2019.3 python-dateutil==2.8.1 six==1.9.0 hypothesis==5.6.0 sortedcontainers==2.1.0,No longer recognized as a dependency error,10278.0578
pandas_43_0.log,pytest==5.4.1 py==1.8.1 attrs==19.3.0 pluggy==0.13.1 packaging==20.3 more_itertools==8.2.0 pytz==2019.3 python-dateutil==2.8.1 six==1.9.0 hypothesis==5.6.0 sortedcontainers==2.1.0 wcwidth==0.1.8,No longer recognized as a dependency error,18853.3835
pandas_44_0.log,pytest==5.4.1 py==1.8.1 attrs==19.3.0 pluggy==0.13.1 packaging==20.3 more_itertools==8.2.0 pytz==2019.3 python-dateutil==2.8.1 six==1.9.0 hypothesis==5.6.0 sortedcontainers==2.1.0,No longer recognized as a dependency error,10109.5903
pandas_46_0.log,pytest==5.4.1 py==1.8.1 attrs==19.3.0 pluggy==0.13.1 packaging==20.3 more_itertools==8.2.0 pytz==2019.3 python-dateutil==2.8.1 six==1.9.0 hypothesis==5.6.0 sortedcontainers==2.1.0 wcwidth==0.1.8,No longer recognized as a dependency error,11127.2794
pandas_50_0.log,pytest==5.3.5 attrs==19.3.0 pluggy==0.13.1 py==1.8.1 packaging==20.1 more_itertools==8.2.0 pytz==2019.3 python-dateutil==2.8.1 six==1.9.0 hypothesis==5.6.0 sortedcontainers==2.1.0,No longer recognized as a dependency error,17296.8261
pandas_52_0.log,pytest==5.3.5 attrs==19.3.0 pluggy==0.13.1 py==1.8.1 packaging==20.1 more_itertools==8.2.0 pytz==2019.3 python-dateutil==2.8.1 six==1.9.0 hypothesis==5.5.4 sortedcontainers==2.1.0,No longer recognized as a dependency error,17171.2567
pandas_53_0.log,pytest==5.3.5 attrs==19.3.0 pluggy==0.13.1 py==1.8.1 packaging==20.1 more_itertools==8.2.0 pytz==2019.3 python-dateutil==2.8.1 six==1.9.0 hypothesis==5.5.4 sortedcontainers==2.1.0,No longer recognized as a dependency error,16042.4365
pandas_55_0.log,pytest==5.3.5 attrs==19.3.0 pluggy==0.13.1 py==1.8.1 packaging==20.1 more_itertools==8.2.0 pytz==2019.3 python-dateutil==2.8.1 six==1.9.0 hypothesis==5.5.4 sortedcontainers==2.1.0,No longer recognized as a dependency error,17127.878
pandas_56_0.log,pytest==5.3.5 attrs==19.3.0 pluggy==0.13.1 py==1.8.1 packaging==20.1 more_itertools==8.2.0 pytz==2019.3 python-dateutil==2.8.1 six==1.9.0 hypothesis==5.5.4 sortedcontainers==2.1.0,No longer recognized as a dependency error,9655.17861
pandas_58_0.log,pytest==5.3.5 attrs==19.3.0 pluggy==0.13.1 py==1.8.1 packaging==20.1 more_itertools==8.2.0 pytz==2019.3 python-dateutil==2.8.1 six==1.9.0 hypothesis==5.5.1 sortedcontainers==2.1.0,No longer recognized as a dependency error,15921.4938
pandas_59_0.log,pytest==5.3.5 attrs==19.3.0 pluggy==0.13.1 py==1.8.1 packaging==20.1 more_itertools==8.2.0 pytz==2019.3 python-dateutil==2.8.1 six==1.9.0 hypothesis==5.5.1 sortedcontainers==2.1.0,No longer recognized as a dependency error,17231.6047
pandas_6_0.log,virtualenv==20.0.20 cython==3.0a5 numpy==1.19.0rc1 pytest==5.4.2 py==1.8.1 attrs==19.3.0 pluggy==0.13.1 packaging==20.4 more_itertools==8.3.0 pytz==2020.1 python-dateutil==2.8.1 six==1.9.0 hypothesis==5.14.0 sortedcontainers==2.1.0 wcwidth==0.1.9,No longer recognized as a dependency error,18011.5679
pandas_60_0.log,pytest==5.3.5 attrs==19.3.0 pluggy==0.13.1 py==1.8.1 packaging==20.1 more_itertools==8.2.0 pytz==2019.3 python-dateutil==2.8.1 six==1.9.0 hypothesis==5.5.1 sortedcontainers==2.1.0,No longer recognized as a dependency error,9506.52166
pandas_61_0.log,pytest==5.3.5 attrs==19.3.0 pluggy==0.13.1 py==1.8.1 packaging==20.1 more_itertools==8.2.0 pytz==2019.3 python-dateutil==2.8.1 six==1.9.0 hypothesis==5.5.1 sortedcontainers==2.1.0,No longer recognized as a dependency error,17099.0976
pandas_62_0.log,pytest==5.3.5 attrs==19.3.0 pluggy==0.13.1 py==1.8.1 packaging==20.1 more_itertools==8.2.0 pytz==2019.3 python-dateutil==2.8.1 six==1.9.0 hypothesis==5.5.1 sortedcontainers==2.1.0,No longer recognized as a dependency error,15499.5598
pandas_65_0.log,pytest==5.3.5 attrs==19.3.0 pluggy==0.13.1 py==1.8.1 packaging==20.1 more_itertools==8.2.0 pytz==2019.3 python-dateutil==2.8.1 six==1.9.0 hypothesis==5.4.1 sortedcontainers==2.1.0,No longer recognized as a dependency error,16974.3792
pandas_66_0.log,pytest==5.3.5 attrs==19.3.0 pluggy==0.13.1 py==1.8.1 packaging==20.1 more_itertools==8.2.0 pytz==2019.3 python-dateutil==2.8.1 six==1.9.0 hypothesis==5.4.1 sortedcontainers==2.1.0,No longer recognized as a dependency error,17221.5362
pandas_67_0.log,pytest==5.3.5 attrs==19.3.0 pluggy==0.13.1 py==1.8.1 packaging==20.1 more_itertools==8.2.0 pytz==2019.3 python-dateutil==2.8.1 six==1.9.0 hypothesis==5.4.1 sortedcontainers==2.1.0,No longer recognized as a dependency error,17141.1494
pandas_69_0.log,pytest==5.3.5 attrs==19.3.0 pluggy==0.13.1 py==1.8.1 packaging==20.1 more_itertools==8.2.0 pytz==2019.3 python-dateutil==2.8.1 six==1.9.0 hypothesis==5.4.0 sortedcontainers==2.1.0,No longer recognized as a dependency error,17189.8387
pandas_70_0.log,pytest==5.3.5 attrs==19.3.0 pluggy==0.13.1 py==1.8.1 packaging==20.1 more_itertools==8.2.0 pytz==2019.3 python-dateutil==2.8.1 six==1.9.0 hypothesis==5.3.1 sortedcontainers==2.1.0,No longer recognized as a dependency error,10372.1737
pandas_73_0.log,pytest==5.3.4 attrs==19.3.0 pluggy==0.13.1 py==1.8.1 packaging==20.1 more_itertools==8.1.0 pytz==2019.3 python-dateutil==2.8.1 six==1.9.0 hypothesis==5.3.0 sortedcontainers==2.1.0,No longer recognized as a dependency error,17136.9155
pandas_74_0.log,pytest==5.3.4 attrs==19.3.0 pluggy==0.13.1 py==1.8.1 packaging==20.1 more_itertools==8.1.0 pytz==2019.3 python-dateutil==2.8.1 six==1.9.0 hypothesis==5.3.0 sortedcontainers==2.1.0,No longer recognized as a dependency error,16898.6416
pandas_75_0.log,pytest==5.3.4 attrs==19.3.0 pluggy==0.13.1 py==1.8.1 packaging==20.1 more_itertools==8.1.0 pytz==2019.3 python-dateutil==2.8.1 six==1.9.0 hypothesis==5.3.0 sortedcontainers==2.1.0,No longer recognized as a dependency error,17254.3007
pandas_76_0.log,pytest==5.3.4 attrs==19.3.0 pluggy==0.13.1 py==1.8.1 packaging==20.0 more_itertools==8.1.0 pytz==2019.3 python-dateutil==2.8.1 six==1.9.0 hypothesis==5.3.0 sortedcontainers==2.1.0,No longer recognized as a dependency error,9439.24627
pandas_78_0.log,pytest==5.3.4 attrs==19.3.0 pluggy==0.13.1 py==1.8.1 packaging==20.0 more_itertools==8.1.0 pytz==2019.3 python-dateutil==2.8.1 six==1.9.0 hypothesis==5.3.0 sortedcontainers==2.1.0,No longer recognized as a dependency error,17183.8908
pandas_8_0.log,pytest==5.4.2 py==1.8.1 attrs==19.3.0 pluggy==0.13.1 packaging==20.3 more_itertools==8.2.0 pytz==2020.1 python-dateutil==2.8.1 six==1.9.0 hypothesis==5.11.0 sortedcontainers==2.1.0 wcwidth==0.1.9,No longer recognized as a dependency error,18887.9925
pandas_80_0.log,pytest==5.3.4 attrs==19.3.0 pluggy==0.13.1 py==1.8.1 packaging==20.0 more_itertools==8.1.0 pytz==2019.3 python-dateutil==2.8.1 six==1.9.0 hypothesis==5.3.0 sortedcontainers==2.1.0,No longer recognized as a dependency error,17222.7848
pandas_81_0.log,pytest==5.3.4 attrs==19.3.0 pluggy==0.13.1 py==1.8.1 packaging==20.0 more_itertools==8.1.0 pytz==2019.3 python-dateutil==2.8.1 six==1.9.0 hypothesis==5.3.0 sortedcontainers==2.1.0,No longer recognized as a dependency error,17156.7576
pandas_83_0.log,pytest==5.3.4 attrs==19.3.0 pluggy==0.13.1 py==1.8.1 packaging==20.0 more_itertools==8.1.0 pytz==2019.3 python-dateutil==2.8.1 six==1.9.0 hypothesis==5.3.0 sortedcontainers==2.1.0,No longer recognized as a dependency error,8579.64459
pandas_84_0.log,pytest==5.3.4 attrs==19.3.0 pluggy==0.13.1 py==1.8.1 packaging==20.0 more_itertools==8.1.0 pytz==2019.3 python-dateutil==2.8.1 six==1.9.0 hypothesis==5.2.0 sortedcontainers==2.1.0,No longer recognized as a dependency error,17265.8853
pandas_85_0.log,pytest==5.3.4 attrs==19.3.0 pluggy==0.13.1 py==1.8.1 packaging==20.0 more_itertools==8.1.0 pytz==2019.3 python-dateutil==2.8.1 six==1.9.0 hypothesis==5.2.0 sortedcontainers==2.1.0,No longer recognized as a dependency error,17159.9181
pandas_87_0.log,pytest==5.3.3 attrs==19.3.0 pluggy==0.13.1 py==1.8.1 packaging==20.0 more_itertools==8.1.0 pytz==2019.3 python-dateutil==2.8.1 six==1.9.0 hypothesis==5.1.5 sortedcontainers==2.1.0,No longer recognized as a dependency error,17208.8449
pandas_88_0.log,pytest==5.3.2 attrs==19.3.0 pluggy==0.13.1 py==1.8.1 packaging==20.0 more_itertools==8.1.0 pytz==2019.3 python-dateutil==2.8.1 six==1.9.0 hypothesis==5.1.5 sortedcontainers==2.1.0,No longer recognized as a dependency error,16978.95
pandas_89_0.log,pytest==5.3.2 attrs==19.3.0 pluggy==0.13.1 py==1.8.1 packaging==20.0 more_itertools==8.0.2 pytz==2019.3 python-dateutil==2.8.1 six==1.9.0 hypothesis==5.1.2 sortedcontainers==2.1.0,No longer recognized as a dependency error,17095.1626
pandas_92_0.log,pytest==5.3.2 attrs==19.3.0 pluggy==0.13.1 py==1.8.1 packaging==20.0 more_itertools==8.0.2 pytz==2019.3 python-dateutil==2.8.1 six==1.9.0 hypothesis==5.1.1 sortedcontainers==2.1.0,No longer recognized as a dependency error,17229.2839
pandas_93_0.log,pytest==5.3.2 attrs==19.3.0 pluggy==0.13.1 py==1.8.1 packaging==20.0 more_itertools==8.0.2 pytz==2019.3 python-dateutil==2.8.1 six==1.9.0 hypothesis==5.1.1 sortedcontainers==2.1.0,No longer recognized as a dependency error,17295.3153
pandas_94_0.log,pytest==5.3.2 attrs==19.3.0 pluggy==0.13.1 py==1.8.1 packaging==20.0 more_itertools==8.0.2 pytz==2019.3 python-dateutil==2.8.1 six==1.9.0 hypothesis==5.1.1 sortedcontainers==2.1.0,No longer recognized as a dependency error,17149.326
pandas_95_0.log,pytest==5.3.2 attrs==19.3.0 pluggy==0.13.1 py==1.8.1 packaging==20.0 more_itertools==8.0.2 pytz==2019.3 python-dateutil==2.8.1 six==1.9.0 hypothesis==5.1.1 sortedcontainers==2.1.0,No longer recognized as a dependency error,17132.4785
pandas_98_0.log,numpy==1.18.0 pytest==5.3.2 attrs==19.3.0 pluggy==0.13.1 py==1.8.1 packaging==19.2 more_itertools==8.0.2 pytz==2019.3 python-dateutil==2.8.1 six==1.9.0 hypothesis==5.0.1 sortedcontainers==2.1.0,No longer recognized as a dependency error,18747.1888
PySnooper_2_0.log,pytest==4.5.0 six==1.9.0 atomicwrites==1.3.0 py==1.8.0 attrs==19.1.0 pluggy==0.11.0 more_itertools==7.0.0,No longer recognized as a dependency error,864.871892
PySnooper_3_0.log,pytest==4.4.1 atomicwrites==1.3.0 py==1.8.0 attrs==19.1.0 pluggy==0.9.0 more_itertools==7.0.0 python_toolbox==0.9.3,No longer recognized as a dependency error,628.140757
sanic_5_0.log,pytest==3.10.0 six==1.9.0 atomicwrites==1.2.1 py==1.7.0 attrs==18.2.0 pluggy==0.8.0 more_itertools==4.3.0,No longer recognized as a dependency error,769.388966
scrapy_10_0.log,w3lib==1.15.0,No longer recognized as a dependency error,186.025398
scrapy_12_0.log,w3lib==1.14.3,No longer recognized as a dependency error,210.115531
scrapy_15_0.log,w3lib==1.14.2,No longer recognized as a dependency error,196.135031
scrapy_16_0.log,w3lib==1.14.2,No longer recognized as a dependency error,187.020128
scrapy_17_0.log,w3lib==1.13.0,No longer recognized as a dependency error,203.521665
scrapy_20_0.log,testfixtures==4.8.0,No longer recognized as a dependency error,201.73993
scrapy_24_0.log,w3lib==1.13.0,No longer recognized as a dependency error,158.89792
scrapy_26_0.log,w3lib==1.12.0,No longer recognized as a dependency error,189.155629
scrapy_27_0.log,w3lib==1.12.0,No longer recognized as a dependency error,212.361877
scrapy_29_0.log,w3lib==1.12.0,No longer recognized as a dependency error,187.092796
scrapy_3_0.log,w3lib==1.21.0,No longer recognized as a dependency error,229.684464
scrapy_32_0.log,w3lib==1.11.0,No longer recognized as a dependency error,197.849719
scrapy_37_0.log,w3lib==1.21.0 lxml==4.4.1 parsel==1.5.2 cssselect==1.1.0,No longer recognized as a dependency error,551.469734
scrapy_38_0.log,w3lib==1.19.0 lxml==4.2.0 parsel==1.4.0 cssselect==1.0.3,No longer recognized as a dependency error,1471.31234
scrapy_39_0.log,testfixtures==4.7.0,No longer recognized as a dependency error,208.927181
scrapy_5_0.log,w3lib==1.19.0 lxml==4.1.1 parsel==1.4.0 cssselect==1.0.3,No longer recognized as a dependency error,1582.94809
black_10_1.log,virtualenv==16.3.0 click==7.0 appdirs==1.4.3 attrs==18.2.0 toml==0.10.0,Successfully fixed build,429.369575
black_11_1.log,click==7.0 appdirs==1.4.3 attrs==18.2.0 toml==0.10.0,Successfully fixed build,337.438991
black_12_1.log,virtualenv==16.0.0 click==6.7 appdirs==1.4.3 attrs==18.1.0 toml==0.9.4,Successfully fixed build,451.771504
black_13_1.log,click==6.7 appdirs==1.4.3 attrs==18.1.0 toml==0.9.4,Successfully fixed build,371.777985
black_14_1.log,virtualenv==16.0.0 click==6.7 appdirs==1.4.3 attrs==18.1.0 toml==0.9.4,Successfully fixed build,415.909799
black_15_1.log,virtualenv==16.0.0 click==6.7 appdirs==1.4.3 attrs==18.1.0 toml==0.9.4,Successfully fixed build,352.709386
black_16_1.log,virtualenv==16.0.0 click==6.7 appdirs==1.4.3 attrs==18.1.0 toml==0.9.4,Successfully fixed build,500.46871
black_17_1.log,virtualenv==16.0.0 click==6.7 appdirs==1.4.3 attrs==18.1.0,Successfully fixed build,415.496392
black_18_1.log,virtualenv==16.0.0 click==6.7 appdirs==1.4.3 attrs==18.1.0,Successfully fixed build,397.941376
black_19_1.log,virtualenv==15.2.0 click==6.7 appdirs==1.4.3 attrs==17.4.0,Successfully fixed build,383.862603
black_20_1.log,virtualenv==15.2.0 click==6.7 appdirs==1.4.3 attrs==17.4.0,Successfully fixed build,384.5918
black_21_0.log,virtualenv==15.2.0 click==6.7 attrs==17.4.0,Successfully fixed build,275.868952
black_21_1.log,click==6.7 attrs==17.4.0,Successfully fixed build,187.026917
black_22_1.log,virtualenv==15.2.0 click==6.7 attrs==17.4.0,Successfully fixed build,270.491802
black_23_1.log,virtualenv==15.2.0 click==6.7 attrs==17.4.0,Successfully fixed build,296.17419
black_4_1.log,click==7.0 appdirs==1.4.3 attrs==19.1.0 toml==0.10.0 typed_ast==1.4.0,Successfully fixed build,442.468486
black_5_1.log,virtualenv==16.6.0 click==7.0 appdirs==1.4.3 attrs==19.1.0 toml==0.10.0 typed_ast==1.4.0,Successfully fixed build,519.58734
black_7_1.log,virtualenv==16.5.0 click==7.0 appdirs==1.4.3 attrs==19.1.0 toml==0.10.0,Successfully fixed build,402.480939
black_8_1.log,virtualenv==16.5.0 click==7.0 appdirs==1.4.3 attrs==19.1.0 toml==0.10.0,Successfully fixed build,425.761971
black_9_1.log,virtualenv==16.4.3 click==7.0 appdirs==1.4.3 attrs==19.1.0 toml==0.10.0,Successfully fixed build,458.729995
matplotlib_1_1.log,pytest==5.4.3 py==1.8.1 attrs==19.3.0 pluggy==0.13.1 packaging==20.4 more_itertools==8.3.0,Successfully fixed build,1200.02756
pandas_1_1.log,virtualenv==20.0.21 cython==3.0a5 numpy==1.19.0rc1 pytest==5.4.2 py==1.8.1 attrs==19.3.0 pluggy==0.13.1 packaging==20.4 more_itertools==8.3.0 pytz==2020.1 python-dateutil==2.8.1 six==1.9.0 hypothesis==5.15.1 sortedcontainers==2.1.0,Successfully fixed build,20175.5316
pandas_10_1.log,pytest==5.4.1 py==1.8.1 attrs==19.3.0 pluggy==0.13.1 packaging==20.3 more_itertools==8.2.0 pytz==2020.1 python-dateutil==2.8.1 six==1.9.0 hypothesis==5.10.5 sortedcontainers==2.1.0,Successfully fixed build,17246.9632
pandas_100_1.log,numpy==1.18.0 pytest==5.3.2 attrs==19.3.0 pluggy==0.13.1 py==1.8.1 packaging==19.2 more_itertools==8.0.2 pytz==2019.3 python-dateutil==2.8.1 six==1.9.0 hypothesis==5.0.1 sortedcontainers==2.1.0,Successfully fixed build,18686.3497
pandas_101_1.log,numpy==1.18.0 pytest==5.3.2 attrs==19.3.0 pluggy==0.13.1 py==1.8.1 packaging==19.2 more_itertools==8.0.2 pytz==2019.3 python-dateutil==2.8.1 six==1.9.0 hypothesis==5.0.0 sortedcontainers==2.1.0,Successfully fixed build,19489.8933
pandas_102_1.log,numpy==1.18.0 pytest==5.3.2 attrs==19.3.0 pluggy==0.13.1 py==1.8.1 packaging==19.2 more_itertools==8.0.2 pytz==2019.3 python-dateutil==2.8.1 six==1.9.0 hypothesis==5.0.0 sortedcontainers==2.1.0,Successfully fixed build,19744.1494
pandas_103_1.log,numpy==1.18.0 pytest==5.3.2 attrs==19.3.0 pluggy==0.13.1 py==1.8.1 packaging==19.2 more_itertools==8.0.2 pytz==2019.3 python-dateutil==2.8.1 six==1.9.0 hypothesis==4.57.1 sortedcontainers==2.1.0,Successfully fixed build,11026.1215
pandas_104_1.log,numpy==1.18.0 pytest==5.3.2 attrs==19.3.0 pluggy==0.13.1 py==1.8.1 packaging==19.2 more_itertools==8.0.2 pytz==2019.3 python-dateutil==2.8.1 six==1.9.0 hypothesis==4.56.3 sortedcontainers==2.1.0,Successfully fixed build,19946.0857
pandas_105_1.log,numpy==1.18.0 pytest==5.3.2 attrs==19.3.0 pluggy==0.13.1 py==1.8.1 packaging==19.2 more_itertools==8.0.2 pytz==2019.3 python-dateutil==2.8.1 six==1.9.0 hypothesis==4.56.3 sortedcontainers==2.1.0,Successfully fixed build,19874.8201
pandas_106_1.log,numpy==1.18.0 pytest==5.3.2 attrs==19.3.0 pluggy==0.13.1 py==1.8.0 packaging==19.2 more_itertools==8.0.2 pytz==2019.3 python-dateutil==2.8.1 six==1.9.0 hypothesis==4.56.3 sortedcontainers==2.1.0,Successfully fixed build,17658.9137
pandas_107_1.log,numpy==1.18.0 pytest==5.3.2 attrs==19.3.0 pluggy==0.13.1 py==1.8.0 packaging==19.2 more_itertools==8.0.2 pytz==2019.3 python-dateutil==2.8.1 six==1.9.0 hypothesis==4.56.3 sortedcontainers==2.1.0,Successfully fixed build,19959.0313
pandas_108_1.log,numpy==1.18.0rc1 pytest==5.3.2 attrs==19.3.0 pluggy==0.13.1 py==1.8.0 packaging==19.2 more_itertools==8.0.2 pytz==2019.3 python-dateutil==2.8.1 six==1.9.0 hypothesis==4.56.1 sortedcontainers==2.1.0,Successfully fixed build,20131.848
pandas_109_1.log,numpy==1.18.0rc1 pytest==5.3.2 attrs==19.3.0 pluggy==0.13.1 py==1.8.0 packaging==19.2 more_itertools==8.0.2 pytz==2019.3 python-dateutil==2.8.1 six==1.9.0 hypothesis==4.55.2 sortedcontainers==2.1.0,Successfully fixed build,20181.3861
pandas_11_1.log,pytest==5.4.1 py==1.8.1 attrs==19.3.0 pluggy==0.13.1 packaging==20.3 more_itertools==8.2.0 pytz==2020.1 python-dateutil==2.8.1 six==1.9.0 hypothesis==5.10.4 sortedcontainers==2.1.0,Successfully fixed build,17248.9953
pandas_110_1.log,numpy==1.18.0rc1 pytest==5.3.1 attrs==19.3.0 pluggy==0.13.1 py==1.8.0 packaging==19.2 more_itertools==8.0.2 pytz==2019.3 python-dateutil==2.8.1 six==1.9.0 hypothesis==4.53.2,Successfully fixed build,18477.5455
pandas_111_1.log,numpy==1.18.0rc1 pytest==5.3.1 attrs==19.3.0 pluggy==0.13.1 py==1.8.0 packaging==19.2 more_itertools==8.0.2 pytz==2019.3 python-dateutil==2.8.1 six==1.9.0 hypothesis==4.53.1,Successfully fixed build,18590.1532
pandas_112_1.log,numpy==1.18.0rc1 pytest==5.3.1 attrs==19.3.0 pluggy==0.13.1 py==1.8.0 packaging==19.2 more_itertools==8.0.2 pytz==2019.3 python-dateutil==2.8.1 six==1.9.0 hypothesis==4.53.1,Successfully fixed build,18663.706
pandas_113_1.log,numpy==1.18.0rc1 pytest==5.3.1 attrs==19.3.0 pluggy==0.13.1 py==1.8.0 packaging==19.2 more_itertools==8.0.2 pytz==2019.3 python-dateutil==2.8.1 six==1.9.0 hypothesis==4.53.1,Successfully fixed build,16403.2437
pandas_114_1.log,numpy==1.17.4 pytest==5.3.1 attrs==19.3.0 pluggy==0.13.1 py==1.8.0 packaging==19.2 more_itertools==8.0.0 pytz==2019.3 python-dateutil==2.8.1 six==1.9.0 hypothesis==4.50.6,Successfully fixed build,18643.5556
pandas_115_1.log,numpy==1.17.4 pytest==5.3.1 attrs==19.3.0 pluggy==0.13.1 py==1.8.0 packaging==19.2 more_itertools==8.0.0 pytz==2019.3 python-dateutil==2.8.1 six==1.9.0 hypothesis==4.50.6,Successfully fixed build,18343.3023
pandas_116_1.log,numpy==1.17.4 pytest==5.3.1 attrs==19.3.0 pluggy==0.13.1 py==1.8.0 packaging==19.2 more_itertools==8.0.0 pytz==2019.3 python-dateutil==2.8.1 six==1.9.0 hypothesis==4.50.4,Successfully fixed build,18571.1649
pandas_117_1.log,numpy==1.17.4 pytest==5.3.1 attrs==19.3.0 pluggy==0.13.1 py==1.8.0 packaging==19.2 more_itertools==7.2.0 pytz==2019.3 python-dateutil==2.8.1 six==1.9.0 hypothesis==4.50.2,Successfully fixed build,18189.7687
pandas_118_1.log,numpy==1.17.4 pytest==5.3.0 attrs==19.3.0 pluggy==0.13.1 py==1.8.0 packaging==19.2 more_itertools==7.2.0 pytz==2019.3 python-dateutil==2.8.1 six==1.9.0 hypothesis==4.46.1,Successfully fixed build,18393.9519
pandas_119_1.log,numpy==1.17.4 pytest==5.3.0 attrs==19.3.0 pluggy==0.13.1 py==1.8.0 packaging==19.2 more_itertools==7.2.0 pytz==2019.3 python-dateutil==2.8.1 six==1.9.0 hypothesis==4.46.1,Successfully fixed build,9627.52235
pandas_12_1.log,pytest==5.4.1 py==1.8.1 attrs==19.3.0 pluggy==0.13.1 packaging==20.3 more_itertools==8.2.0 pytz==2019.3 python-dateutil==2.8.1 six==1.9.0 hypothesis==5.10.4 sortedcontainers==2.1.0,Successfully fixed build,17226.9901
pandas_120_1.log,numpy==1.17.4 pytest==5.3.0 attrs==19.3.0 pluggy==0.13.0 py==1.8.0 packaging==19.2 more_itertools==7.2.0 pytz==2019.3 python-dateutil==2.8.1 six==1.9.0 hypothesis==4.44.2,Successfully fixed build,18885.306
pandas_121_1.log,numpy==1.17.4 pytest==5.3.0 attrs==19.3.0 pluggy==0.13.0 py==1.8.0 packaging==19.2 more_itertools==7.2.0 pytz==2019.3 python-dateutil==2.8.1 six==1.9.0 hypothesis==4.44.2,Successfully fixed build,18696.9848
pandas_122_1.log,numpy==1.17.4 pytest==5.2.4 atomicwrites==1.3.0 attrs==19.3.0 pluggy==0.13.0 py==1.8.0 packaging==19.2 more_itertools==7.2.0 pytz==2019.3 python-dateutil==2.8.1 six==1.9.0 hypothesis==4.44.2,Successfully fixed build,20520.0941
pandas_123_1.log,numpy==1.17.4 pytest==5.2.4 atomicwrites==1.3.0 attrs==19.3.0 pluggy==0.13.0 py==1.8.0 packaging==19.2 more_itertools==7.2.0 pytz==2019.3 python-dateutil==2.8.1 six==1.9.0 hypothesis==4.44.2,Successfully fixed build,19546.7529
pandas_124_1.log,numpy==1.17.4 pytest==5.2.4 atomicwrites==1.3.0 attrs==19.3.0 pluggy==0.13.0 py==1.8.0 packaging==19.2 more_itertools==7.2.0 pytz==2019.3 python-dateutil==2.8.1 six==1.9.0 hypothesis==4.44.2,Successfully fixed build,20467.0397
pandas_125_1.log,numpy==1.17.4 pytest==5.2.4 atomicwrites==1.3.0 attrs==19.3.0 pluggy==0.13.0 py==1.8.0 packaging==19.2 more_itertools==7.2.0 pytz==2019.3 python-dateutil==2.8.1 six==1.9.0 hypothesis==4.44.2,Successfully fixed build,20557.8734
pandas_126_1.log,numpy==1.17.4 pytest==5.2.4 atomicwrites==1.3.0 attrs==19.3.0 pluggy==0.13.0 py==1.8.0 packaging==19.2 more_itertools==7.2.0 pytz==2019.3 python-dateutil==2.8.1 six==1.9.0 hypothesis==4.44.2,Successfully fixed build,18510.5208
pandas_127_1.log,numpy==1.17.4 pytest==5.2.3 atomicwrites==1.3.0 attrs==19.3.0 pluggy==0.13.0 py==1.8.0 packaging==19.2 more_itertools==7.2.0 pytz==2019.3 python-dateutil==2.8.1 six==1.9.0 hypothesis==4.44.2,Successfully fixed build,20505.4018
pandas_128_1.log,numpy==1.17.4 pytest==5.2.2 atomicwrites==1.3.0 attrs==19.3.0 pluggy==0.13.0 py==1.8.0 packaging==19.2 more_itertools==7.2.0 pytz==2019.3 python-dateutil==2.8.1 six==1.9.0 hypothesis==4.44.2,Successfully fixed build,20583.1491
pandas_129_1.log,numpy==1.17.4 pytest==5.2.2 atomicwrites==1.3.0 attrs==19.3.0 pluggy==0.13.0 py==1.8.0 packaging==19.2 more_itertools==7.2.0 pytz==2019.3 python-dateutil==2.8.1 six==1.9.0 hypothesis==4.44.2,Successfully fixed build,20641.7368
pandas_13_1.log,pytest==5.4.1 py==1.8.1 attrs==19.3.0 pluggy==0.13.1 packaging==20.3 more_itertools==8.2.0 pytz==2019.3 python-dateutil==2.8.1 six==1.9.0 hypothesis==5.10.4 sortedcontainers==2.1.0,Successfully fixed build,17363.2912
pandas_130_1.log,numpy==1.17.3 pytest==5.2.2 atomicwrites==1.3.0 attrs==19.3.0 pluggy==0.13.0 py==1.8.0 packaging==19.2 more_itertools==7.2.0 pytz==2019.3 python-dateutil==2.8.1 six==1.9.0 hypothesis==4.43.5,Successfully fixed build,20500.4911
pandas_131_1.log,numpy==1.17.3 pytest==5.2.2 atomicwrites==1.3.0 attrs==19.3.0 pluggy==0.13.0 py==1.8.0 packaging==19.2 more_itertools==7.2.0 pytz==2019.3 python-dateutil==2.8.0 six==1.9.0 hypothesis==4.42.7,Successfully fixed build,20490.6166
pandas_132_1.log,numpy==1.17.3 pytest==5.2.2 atomicwrites==1.3.0 attrs==19.3.0 pluggy==0.13.0 py==1.8.0 packaging==19.2 more_itertools==7.2.0 pytz==2019.3 python-dateutil==2.8.0 six==1.9.0 hypothesis==4.42.7,Successfully fixed build,20549.352
pandas_133_1.log,numpy==1.17.3 pytest==5.2.2 atomicwrites==1.3.0 attrs==19.3.0 pluggy==0.13.0 py==1.8.0 packaging==19.2 more_itertools==7.2.0 pytz==2019.3 python-dateutil==2.8.0 six==1.9.0 hypothesis==4.41.3,Successfully fixed build,20464.8959
pandas_134_1.log,numpy==1.17.3 pytest==5.2.1 atomicwrites==1.3.0 attrs==19.3.0 pluggy==0.13.0 py==1.8.0 packaging==19.2 more_itertools==7.2.0 pytz==2019.3 python-dateutil==2.8.0 six==1.9.0 hypothesis==4.41.3,Successfully fixed build,19804.9386
pandas_135_1.log,numpy==1.17.3 pytest==5.2.1 atomicwrites==1.3.0 attrs==19.3.0 pluggy==0.13.0 py==1.8.0 packaging==19.2 more_itertools==7.2.0 pytz==2019.3 python-dateutil==2.8.0 six==1.9.0 hypothesis==4.41.3,Successfully fixed build,20318.8963
pandas_136_1.log,numpy==1.17.2 pytest==5.2.1 atomicwrites==1.3.0 attrs==19.2.0 pluggy==0.13.0 py==1.8.0 packaging==19.2 more_itertools==7.2.0 pytz==2019.3 python-dateutil==2.8.0 six==1.9.0 hypothesis==4.40.0,Successfully fixed build,24652.5595
pandas_137_1.log,numpy==1.17.2 pytest==5.2.1 atomicwrites==1.3.0 attrs==19.2.0 pluggy==0.13.0 py==1.8.0 packaging==19.2 more_itertools==7.2.0 pytz==2019.3 python-dateutil==2.8.0 six==1.9.0 hypothesis==4.39.0,Successfully fixed build,24598.819
pandas_138_1.log,numpy==1.17.2 pytest==5.2.1 atomicwrites==1.3.0 attrs==19.2.0 pluggy==0.13.0 py==1.8.0 packaging==19.2 more_itertools==7.2.0 pytz==2019.3 python-dateutil==2.8.0 six==1.9.0 hypothesis==4.39.0,Successfully fixed build,24206.3975
pandas_139_1.log,numpy==1.17.2 pytest==5.2.1 atomicwrites==1.3.0 attrs==19.2.0 pluggy==0.13.0 py==1.8.0 packaging==19.2 more_itertools==7.2.0 pytz==2019.3 python-dateutil==2.8.0 six==1.9.0 hypothesis==4.38.3,Successfully fixed build,13423.7335
pandas_14_1.log,pytest==5.4.1 py==1.8.1 attrs==19.3.0 pluggy==0.13.1 packaging==20.3 more_itertools==8.2.0 pytz==2019.3 python-dateutil==2.8.1 six==1.9.0 hypothesis==5.10.4 sortedcontainers==2.1.0,Successfully fixed build,17239.9047
pandas_140_1.log,numpy==1.17.2 pytest==5.2.0 atomicwrites==1.3.0 attrs==19.2.0 pluggy==0.13.0 py==1.8.0 packaging==19.2 more_itertools==7.2.0 pytz==2019.2 python-dateutil==2.8.0 six==1.9.0 hypothesis==4.38.2,Successfully fixed build,22209.3722
pandas_141_1.log,numpy==1.17.2 pytest==5.2.0 atomicwrites==1.3.0 attrs==19.2.0 pluggy==0.13.0 py==1.8.0 packaging==19.2 more_itertools==7.2.0 pytz==2019.2 python-dateutil==2.8.0 six==1.9.0 hypothesis==4.38.1,Successfully fixed build,24341.8463
pandas_142_1.log,numpy==1.17.2 pytest==5.2.0 atomicwrites==1.3.0 attrs==19.2.0 pluggy==0.13.0 py==1.8.0 packaging==19.2 more_itertools==7.2.0 pytz==2019.2 python-dateutil==2.8.0 six==1.9.0 hypothesis==4.38.0,Successfully fixed build,24425.8244
pandas_143_1.log,numpy==1.17.2 pytest==5.2.0 atomicwrites==1.3.0 attrs==19.1.0 pluggy==0.13.0 py==1.8.0 packaging==19.2 more_itertools==7.2.0 pytz==2019.2 python-dateutil==2.8.0 six==1.9.0 hypothesis==4.37.0,Successfully fixed build,24207.5894
pandas_144_0.log,numpy==1.17.2 pytest==5.1.3 atomicwrites==1.3.0 attrs==19.1.0 pluggy==0.13.0 py==1.8.0 packaging==19.2 more_itertools==7.2.0 pytz==2019.2 python-dateutil==2.8.0 six==1.9.0 hypothesis==4.36.2,Successfully fixed build,24666.8042
pandas_144_1.log,numpy==1.17.2 pytest==5.1.3 atomicwrites==1.3.0 attrs==19.1.0 pluggy==0.13.0 py==1.8.0 packaging==19.2 more_itertools==7.2.0 pytz==2019.2 python-dateutil==2.8.0 six==1.9.0 hypothesis==4.36.2,Successfully fixed build,24224.4675
pandas_145_1.log,numpy==1.17.2 pytest==5.1.2 atomicwrites==1.3.0 attrs==19.1.0 pluggy==0.13.0 py==1.8.0 packaging==19.2 more_itertools==7.2.0 pytz==2019.2 python-dateutil==2.8.0 six==1.9.0 hypothesis==4.36.2,Successfully fixed build,24298.9315
pandas_146_1.log,numpy==1.17.2 pytest==5.1.2 atomicwrites==1.3.0 attrs==19.1.0 pluggy==0.13.0 py==1.8.0 packaging==19.2 more_itertools==7.2.0 pytz==2019.2 python-dateutil==2.8.0 six==1.9.0 hypothesis==4.36.2,Successfully fixed build,14061.6808
pandas_147_1.log,numpy==1.17.2 pytest==5.1.2 atomicwrites==1.3.0 attrs==19.1.0 pluggy==0.13.0 py==1.8.0 packaging==19.2 more_itertools==7.2.0 pytz==2019.2 python-dateutil==2.8.0 six==1.9.0 hypothesis==4.36.2,Successfully fixed build,24325.1244
pandas_148_1.log,numpy==1.17.2 pytest==5.1.2 atomicwrites==1.3.0 attrs==19.1.0 pluggy==0.13.0 py==1.8.0 packaging==19.2 more_itertools==7.2.0 pytz==2019.2 python-dateutil==2.8.0 six==1.9.0 hypothesis==4.36.2,Successfully fixed build,24319.0772
pandas_149_0.log,numpy==1.17.2 pytest==5.1.2 atomicwrites==1.3.0 attrs==19.1.0 pluggy==0.13.0 py==1.8.0 packaging==19.2 more_itertools==7.2.0 pytz==2019.2 python-dateutil==2.8.0 six==1.9.0 hypothesis==4.36.1,Successfully fixed build,24563.8635
pandas_149_1.log,numpy==1.17.2 pytest==5.1.2 atomicwrites==1.3.0 attrs==19.1.0 pluggy==0.13.0 py==1.8.0 packaging==19.2 more_itertools==7.2.0 pytz==2019.2 python-dateutil==2.8.0 six==1.9.0 hypothesis==4.36.1,Successfully fixed build,24140.9699
pandas_15_1.log,pytest==5.4.1 py==1.8.1 attrs==19.3.0 pluggy==0.13.1 packaging==20.3 more_itertools==8.2.0 pytz==2019.3 python-dateutil==2.8.1 six==1.9.0 hypothesis==5.10.4 sortedcontainers==2.1.0,Successfully fixed build,17263.3008
pandas_150_1.log,numpy==1.17.2 pytest==5.1.2 atomicwrites==1.3.0 attrs==19.1.0 pluggy==0.13.0 py==1.8.0 packaging==19.1 more_itertools==7.2.0 pytz==2019.2 python-dateutil==2.8.0 six==1.9.0 hypothesis==4.36.1,Successfully fixed build,24266.4542
pandas_151_1.log,numpy==1.17.2 pytest==5.1.2 atomicwrites==1.3.0 attrs==19.1.0 pluggy==0.13.0 py==1.8.0 packaging==19.1 more_itertools==7.2.0 pytz==2019.2 python-dateutil==2.8.0 six==1.9.0 hypothesis==4.36.1,Successfully fixed build,14350.249
pandas_152_1.log,numpy==1.17.2 pytest==5.1.2 atomicwrites==1.3.0 attrs==19.1.0 pluggy==0.13.0 py==1.8.0 packaging==19.1 more_itertools==7.2.0 pytz==2019.2 python-dateutil==2.8.0 six==1.9.0 hypothesis==4.36.0,Successfully fixed build,24499.2356
pandas_153_1.log,numpy==1.17.2 pytest==5.1.2 atomicwrites==1.3.0 attrs==19.1.0 pluggy==0.13.0 py==1.8.0 packaging==19.1 more_itertools==7.2.0 pytz==2019.2 python-dateutil==2.8.0 six==1.9.0 hypothesis==4.36.0,Successfully fixed build,24848.6893
pandas_16_1.log,pytest==5.4.1 py==1.8.1 attrs==19.3.0 pluggy==0.13.1 packaging==20.3 more_itertools==8.2.0 pytz==2019.3 python-dateutil==2.8.1 six==1.9.0 hypothesis==5.10.4 sortedcontainers==2.1.0,Successfully fixed build,9391.12681
pandas_17_1.log,pytest==5.4.1 py==1.8.1 attrs==19.3.0 pluggy==0.13.1 packaging==20.3 more_itertools==8.2.0 pytz==2019.3 python-dateutil==2.8.1 six==1.9.0 hypothesis==5.10.4 sortedcontainers==2.1.0,Successfully fixed build,17239.931
pandas_18_1.log,pytest==5.4.1 py==1.8.1 attrs==19.3.0 pluggy==0.13.1 packaging==20.3 more_itertools==8.2.0 pytz==2019.3 python-dateutil==2.8.1 six==1.9.0 hypothesis==5.10.4 sortedcontainers==2.1.0,Successfully fixed build,12711.5963
pandas_19_1.log,pytest==5.4.1 py==1.8.1 attrs==19.3.0 pluggy==0.13.1 packaging==20.3 more_itertools==8.2.0 pytz==2019.3 python-dateutil==2.8.1 six==1.9.0 hypothesis==5.10.4 sortedcontainers==2.1.0,Successfully fixed build,17332.7086
pandas_20_1.log,pytest==5.4.1 py==1.8.1 attrs==19.3.0 pluggy==0.13.1 packaging==20.3 more_itertools==8.2.0 pytz==2019.3 python-dateutil==2.8.1 six==1.9.0 hypothesis==5.10.4 sortedcontainers==2.1.0,Successfully fixed build,17491.1251
pandas_21_1.log,pytest==5.4.1 py==1.8.1 attrs==19.3.0 pluggy==0.13.1 packaging==20.3 more_itertools==8.2.0 pytz==2019.3 python-dateutil==2.8.1 six==1.9.0 hypothesis==5.10.1 sortedcontainers==2.1.0,Successfully fixed build,17426.3058
pandas_22_1.log,pytest==5.4.1 py==1.8.1 attrs==19.3.0 pluggy==0.13.1 packaging==20.3 more_itertools==8.2.0 pytz==2019.3 python-dateutil==2.8.1 six==1.9.0 hypothesis==5.9.1 sortedcontainers==2.1.0,Successfully fixed build,17218.0546
pandas_23_1.log,pytest==5.4.1 py==1.8.1 attrs==19.3.0 pluggy==0.13.1 packaging==20.3 more_itertools==8.2.0 pytz==2019.3 python-dateutil==2.8.1 six==1.9.0 hypothesis==5.9.1 sortedcontainers==2.1.0,Successfully fixed build,17272.94
pandas_24_1.log,pytest==5.4.1 py==1.8.1 attrs==19.3.0 pluggy==0.13.1 packaging==20.3 more_itertools==8.2.0 pytz==2019.3 python-dateutil==2.8.1 six==1.9.0 hypothesis==5.9.1 sortedcontainers==2.1.0,Successfully fixed build,17337.5417
pandas_25_1.log,pytest==5.4.1 py==1.8.1 attrs==19.3.0 pluggy==0.13.1 packaging==20.3 more_itertools==8.2.0 pytz==2019.3 python-dateutil==2.8.1 six==1.9.0 hypothesis==5.8.4 sortedcontainers==2.1.0,Successfully fixed build,15415.0664
pandas_26_1.log,pytest==5.4.1 py==1.8.1 attrs==19.3.0 pluggy==0.13.1 packaging==20.3 more_itertools==8.2.0 pytz==2019.3 python-dateutil==2.8.1 six==1.9.0 hypothesis==5.8.3 sortedcontainers==2.1.0,Successfully fixed build,17308.0439
pandas_27_1.log,pytest==5.4.1 py==1.8.1 attrs==19.3.0 pluggy==0.13.1 packaging==20.3 more_itertools==8.2.0 pytz==2019.3 python-dateutil==2.8.1 six==1.9.0 hypothesis==5.8.2 sortedcontainers==2.1.0,Successfully fixed build,16925.1557
pandas_28_1.log,pytest==5.4.1 py==1.8.1 attrs==19.3.0 pluggy==0.13.1 packaging==20.3 more_itertools==8.2.0 pytz==2019.3 python-dateutil==2.8.1 six==1.9.0 hypothesis==5.8.0 sortedcontainers==2.1.0,Successfully fixed build,16930.8771
pandas_29_0.log,pytest==5.4.1 py==1.8.1 attrs==19.3.0 pluggy==0.13.1 packaging==20.3 more_itertools==8.2.0 pytz==2019.3 python-dateutil==2.8.1 six==1.9.0 hypothesis==5.8.0 sortedcontainers==2.1.0,Successfully fixed build,17303.7159
pandas_29_1.log,pytest==5.4.1 py==1.8.1 attrs==19.3.0 pluggy==0.13.1 packaging==20.3 more_itertools==8.2.0 pytz==2019.3 python-dateutil==2.8.1 six==1.9.0 hypothesis==5.8.0 sortedcontainers==2.1.0,Successfully fixed build,17195.3937
pandas_3_1.log,virtualenv==20.0.21 cython==3.0a5 numpy==1.19.0rc1 pytest==5.4.2 py==1.8.1 attrs==19.3.0 pluggy==0.13.1 packaging==20.4 more_itertools==8.3.0 pytz==2020.1 python-dateutil==2.8.1 six==1.9.0 hypothesis==5.15.0 sortedcontainers==2.1.0,Successfully fixed build,20093.5467
pandas_30_1.log,pytest==5.4.1 py==1.8.1 attrs==19.3.0 pluggy==0.13.1 packaging==20.3 more_itertools==8.2.0 pytz==2019.3 python-dateutil==2.8.1 six==1.9.0 hypothesis==5.8.0 sortedcontainers==2.1.0,Successfully fixed build,15151.5138
pandas_31_1.log,pytest==5.4.1 py==1.8.1 attrs==19.3.0 pluggy==0.13.1 packaging==20.3 more_itertools==8.2.0 pytz==2019.3 python-dateutil==2.8.1 six==1.9.0 hypothesis==5.8.0 sortedcontainers==2.1.0,Successfully fixed build,17168.9101
pandas_32_1.log,pytest==5.4.1 py==1.8.1 attrs==19.3.0 pluggy==0.13.1 packaging==20.3 more_itertools==8.2.0 pytz==2019.3 python-dateutil==2.8.1 six==1.9.0 hypothesis==5.8.0 sortedcontainers==2.1.0,Successfully fixed build,17181.1317
pandas_33_1.log,pytest==5.4.1 py==1.8.1 attrs==19.3.0 pluggy==0.13.1 packaging==20.3 more_itertools==8.2.0 pytz==2019.3 python-dateutil==2.8.1 six==1.9.0 hypothesis==5.8.0 sortedcontainers==2.1.0,Successfully fixed build,17213.6777
pandas_34_1.log,pytest==5.4.1 py==1.8.1 attrs==19.3.0 pluggy==0.13.1 packaging==20.3 more_itertools==8.2.0 pytz==2019.3 python-dateutil==2.8.1 six==1.9.0 hypothesis==5.8.0 sortedcontainers==2.1.0,Successfully fixed build,17447.0155
pandas_35_1.log,pytest==5.4.1 py==1.8.1 attrs==19.3.0 pluggy==0.13.1 packaging==20.3 more_itertools==8.2.0 pytz==2019.3 python-dateutil==2.8.1 six==1.9.0 hypothesis==5.8.0 sortedcontainers==2.1.0,Successfully fixed build,17159.8062
pandas_36_1.log,pytest==5.4.1 py==1.8.1 attrs==19.3.0 pluggy==0.13.1 packaging==20.3 more_itertools==8.2.0 pytz==2019.3 python-dateutil==2.8.1 six==1.9.0 hypothesis==5.8.0 sortedcontainers==2.1.0,Successfully fixed build,17365.6406
pandas_37_1.log,pytest==5.4.1 py==1.8.1 attrs==19.3.0 pluggy==0.13.1 packaging==20.3 more_itertools==8.2.0 pytz==2019.3 python-dateutil==2.8.1 six==1.9.0 hypothesis==5.8.0 sortedcontainers==2.1.0,Successfully fixed build,15474.4931
pandas_38_1.log,pytest==5.4.1 py==1.8.1 attrs==19.3.0 pluggy==0.13.1 packaging==20.3 more_itertools==8.2.0 pytz==2019.3 python-dateutil==2.8.1 six==1.9.0 hypothesis==5.8.0 sortedcontainers==2.1.0,Successfully fixed build,16907.24
pandas_39_1.log,pytest==5.4.1 py==1.8.1 attrs==19.3.0 pluggy==0.13.1 packaging==20.3 more_itertools==8.2.0 pytz==2019.3 python-dateutil==2.8.1 six==1.9.0 hypothesis==5.8.0 sortedcontainers==2.1.0,Successfully fixed build,17368.8221
pandas_40_1.log,pytest==5.4.1 py==1.8.1 attrs==19.3.0 pluggy==0.13.1 packaging==20.3 more_itertools==8.2.0 pytz==2019.3 python-dateutil==2.8.1 six==1.9.0 hypothesis==5.8.0 sortedcontainers==2.1.0,Successfully fixed build,16640.481
pandas_41_1.log,pytest==5.4.1 py==1.8.1 attrs==19.3.0 pluggy==0.13.1 packaging==20.3 more_itertools==8.2.0 pytz==2019.3 python-dateutil==2.8.1 six==1.9.0 hypothesis==5.7.0 sortedcontainers==2.1.0,Successfully fixed build,9780.2019
pandas_42_1.log,pytest==5.4.1 py==1.8.1 attrs==19.3.0 pluggy==0.13.1 packaging==20.3 more_itertools==8.2.0 pytz==2019.3 python-dateutil==2.8.1 six==1.9.0 hypothesis==5.6.0 sortedcontainers==2.1.0,Successfully fixed build,16834.3313
pandas_43_1.log,pytest==5.4.1 py==1.8.1 attrs==19.3.0 pluggy==0.13.1 packaging==20.3 more_itertools==8.2.0 pytz==2019.3 python-dateutil==2.8.1 six==1.9.0 hypothesis==5.6.0 sortedcontainers==2.1.0,Successfully fixed build,17267.2435
pandas_44_1.log,pytest==5.4.1 py==1.8.1 attrs==19.3.0 pluggy==0.13.1 packaging==20.3 more_itertools==8.2.0 pytz==2019.3 python-dateutil==2.8.1 six==1.9.0 hypothesis==5.6.0 sortedcontainers==2.1.0,Successfully fixed build,17387.968
pandas_45_1.log,pytest==5.4.1 py==1.8.1 attrs==19.3.0 pluggy==0.13.1 packaging==20.3 more_itertools==8.2.0 pytz==2019.3 python-dateutil==2.8.1 six==1.9.0 hypothesis==5.6.0 sortedcontainers==2.1.0,Successfully fixed build,16327.3834
pandas_46_1.log,pytest==5.4.1 py==1.8.1 attrs==19.3.0 pluggy==0.13.1 packaging==20.3 more_itertools==8.2.0 pytz==2019.3 python-dateutil==2.8.1 six==1.9.0 hypothesis==5.6.0 sortedcontainers==2.1.0,Successfully fixed build,17234.5191
pandas_47_1.log,pytest==5.4.1 py==1.8.1 attrs==19.3.0 pluggy==0.13.1 packaging==20.3 more_itertools==8.2.0 pytz==2019.3 python-dateutil==2.8.1 six==1.9.0 hypothesis==5.6.0 sortedcontainers==2.1.0,Successfully fixed build,16766.1997
pandas_48_1.log,pytest==5.3.5 attrs==19.3.0 pluggy==0.13.1 py==1.8.1 packaging==20.3 more_itertools==8.2.0 pytz==2019.3 python-dateutil==2.8.1 six==1.9.0 hypothesis==5.6.0 sortedcontainers==2.1.0,Successfully fixed build,17356.3717
pandas_49_1.log,pytest==5.3.5 attrs==19.3.0 pluggy==0.13.1 py==1.8.1 packaging==20.3 more_itertools==8.2.0 pytz==2019.3 python-dateutil==2.8.1 six==1.9.0 hypothesis==5.6.0 sortedcontainers==2.1.0,Successfully fixed build,17335.2399
pandas_50_1.log,pytest==5.3.5 attrs==19.3.0 pluggy==0.13.1 py==1.8.1 packaging==20.1 more_itertools==8.2.0 pytz==2019.3 python-dateutil==2.8.1 six==1.9.0 hypothesis==5.6.0 sortedcontainers==2.1.0,Successfully fixed build,16407.6864
pandas_51_1.log,pytest==5.3.5 attrs==19.3.0 pluggy==0.13.1 py==1.8.1 packaging==20.1 more_itertools==8.2.0 pytz==2019.3 python-dateutil==2.8.1 six==1.9.0 hypothesis==5.5.4 sortedcontainers==2.1.0,Successfully fixed build,17255.0706
pandas_52_1.log,pytest==5.3.5 attrs==19.3.0 pluggy==0.13.1 py==1.8.1 packaging==20.1 more_itertools==8.2.0 pytz==2019.3 python-dateutil==2.8.1 six==1.9.0 hypothesis==5.5.4 sortedcontainers==2.1.0,Successfully fixed build,17205.4584
pandas_53_1.log,pytest==5.3.5 attrs==19.3.0 pluggy==0.13.1 py==1.8.1 packaging==20.1 more_itertools==8.2.0 pytz==2019.3 python-dateutil==2.8.1 six==1.9.0 hypothesis==5.5.4 sortedcontainers==2.1.0,Successfully fixed build,17225.3982
pandas_54_1.log,pytest==5.3.5 attrs==19.3.0 pluggy==0.13.1 py==1.8.1 packaging==20.1 more_itertools==8.2.0 pytz==2019.3 python-dateutil==2.8.1 six==1.9.0 hypothesis==5.5.4 sortedcontainers==2.1.0,Successfully fixed build,17106.8159
pandas_55_1.log,pytest==5.3.5 attrs==19.3.0 pluggy==0.13.1 py==1.8.1 packaging==20.1 more_itertools==8.2.0 pytz==2019.3 python-dateutil==2.8.1 six==1.9.0 hypothesis==5.5.4 sortedcontainers==2.1.0,Successfully fixed build,17174.9171
pandas_56_1.log,pytest==5.3.5 attrs==19.3.0 pluggy==0.13.1 py==1.8.1 packaging==20.1 more_itertools==8.2.0 pytz==2019.3 python-dateutil==2.8.1 six==1.9.0 hypothesis==5.5.4 sortedcontainers==2.1.0,Successfully fixed build,17114.8019
pandas_57_1.log,pytest==5.3.5 attrs==19.3.0 pluggy==0.13.1 py==1.8.1 packaging==20.1 more_itertools==8.2.0 pytz==2019.3 python-dateutil==2.8.1 six==1.9.0 hypothesis==5.5.4 sortedcontainers==2.1.0,Successfully fixed build,17261.4458
pandas_58_1.log,pytest==5.3.5 attrs==19.3.0 pluggy==0.13.1 py==1.8.1 packaging==20.1 more_itertools==8.2.0 pytz==2019.3 python-dateutil==2.8.1 six==1.9.0 hypothesis==5.5.1 sortedcontainers==2.1.0,Successfully fixed build,17426.7447
pandas_59_1.log,pytest==5.3.5 attrs==19.3.0 pluggy==0.13.1 py==1.8.1 packaging==20.1 more_itertools==8.2.0 pytz==2019.3 python-dateutil==2.8.1 six==1.9.0 hypothesis==5.5.1 sortedcontainers==2.1.0,Successfully fixed build,15864.4151
pandas_6_1.log,virtualenv==20.0.20 cython==3.0a5 numpy==1.19.0rc1 pytest==5.4.2 py==1.8.1 attrs==19.3.0 pluggy==0.13.1 packaging==20.4 more_itertools==8.3.0 pytz==2020.1 python-dateutil==2.8.1 six==1.9.0 hypothesis==5.14.0 sortedcontainers==2.1.0,Successfully fixed build,19645.9205
pandas_60_1.log,pytest==5.3.5 attrs==19.3.0 pluggy==0.13.1 py==1.8.1 packaging==20.1 more_itertools==8.2.0 pytz==2019.3 python-dateutil==2.8.1 six==1.9.0 hypothesis==5.5.1 sortedcontainers==2.1.0,Successfully fixed build,8142.95058
pandas_61_1.log,pytest==5.3.5 attrs==19.3.0 pluggy==0.13.1 py==1.8.1 packaging==20.1 more_itertools==8.2.0 pytz==2019.3 python-dateutil==2.8.1 six==1.9.0 hypothesis==5.5.1 sortedcontainers==2.1.0,Successfully fixed build,17190.5537
pandas_62_1.log,pytest==5.3.5 attrs==19.3.0 pluggy==0.13.1 py==1.8.1 packaging==20.1 more_itertools==8.2.0 pytz==2019.3 python-dateutil==2.8.1 six==1.9.0 hypothesis==5.5.1 sortedcontainers==2.1.0,Successfully fixed build,17180.113
pandas_63_1.log,pytest==5.3.5 attrs==19.3.0 pluggy==0.13.1 py==1.8.1 packaging==20.1 more_itertools==8.2.0 pytz==2019.3 python-dateutil==2.8.1 six==1.9.0 hypothesis==5.4.2 sortedcontainers==2.1.0,Successfully fixed build,17201.9512
pandas_64_0.log,pytest==5.3.5 attrs==19.3.0 pluggy==0.13.1 py==1.8.1 packaging==20.1 more_itertools==8.2.0 pytz==2019.3 python-dateutil==2.8.1 six==1.9.0 hypothesis==5.4.2 sortedcontainers==2.1.0,Successfully fixed build,16858.1355
pandas_64_1.log,pytest==5.3.5 attrs==19.3.0 pluggy==0.13.1 py==1.8.1 packaging==20.1 more_itertools==8.2.0 pytz==2019.3 python-dateutil==2.8.1 six==1.9.0 hypothesis==5.4.2 sortedcontainers==2.1.0,Successfully fixed build,17384.4629
pandas_65_1.log,pytest==5.3.5 attrs==19.3.0 pluggy==0.13.1 py==1.8.1 packaging==20.1 more_itertools==8.2.0 pytz==2019.3 python-dateutil==2.8.1 six==1.9.0 hypothesis==5.4.1 sortedcontainers==2.1.0,Successfully fixed build,17344.5954
pandas_66_1.log,pytest==5.3.5 attrs==19.3.0 pluggy==0.13.1 py==1.8.1 packaging==20.1 more_itertools==8.2.0 pytz==2019.3 python-dateutil==2.8.1 six==1.9.0 hypothesis==5.4.1 sortedcontainers==2.1.0,Successfully fixed build,17246.4203
pandas_67_1.log,pytest==5.3.5 attrs==19.3.0 pluggy==0.13.1 py==1.8.1 packaging==20.1 more_itertools==8.2.0 pytz==2019.3 python-dateutil==2.8.1 six==1.9.0 hypothesis==5.4.1 sortedcontainers==2.1.0,Successfully fixed build,17030.6784
pandas_68_1.log,pytest==5.3.5 attrs==19.3.0 pluggy==0.13.1 py==1.8.1 packaging==20.1 more_itertools==8.2.0 pytz==2019.3 python-dateutil==2.8.1 six==1.9.0 hypothesis==5.4.1 sortedcontainers==2.1.0,Successfully fixed build,17189.732
pandas_69_1.log,pytest==5.3.5 attrs==19.3.0 pluggy==0.13.1 py==1.8.1 packaging==20.1 more_itertools==8.2.0 pytz==2019.3 python-dateutil==2.8.1 six==1.9.0 hypothesis==5.4.0 sortedcontainers==2.1.0,Successfully fixed build,17199.8807
pandas_7_1.log,pytest==5.3.5 attrs==19.3.0 pluggy==0.13.1 py==1.8.1 packaging==20.1 more_itertools==8.2.0 pytz==2019.3 python-dateutil==2.8.1 six==1.9.0 hypothesis==5.4.1 sortedcontainers==2.1.0,Successfully fixed build,8469.28532
pandas_70_1.log,pytest==5.3.5 attrs==19.3.0 pluggy==0.13.1 py==1.8.1 packaging==20.1 more_itertools==8.2.0 pytz==2019.3 python-dateutil==2.8.1 six==1.9.0 hypothesis==5.3.1 sortedcontainers==2.1.0,Successfully fixed build,10993.4508
pandas_71_1.log,pytest==5.3.4 attrs==19.3.0 pluggy==0.13.1 py==1.8.1 packaging==20.1 more_itertools==8.1.0 pytz==2019.3 python-dateutil==2.8.1 six==1.9.0 hypothesis==5.3.1 sortedcontainers==2.1.0,Successfully fixed build,16576.4241
pandas_72_1.log,pytest==5.3.4 attrs==19.3.0 pluggy==0.13.1 py==1.8.1 packaging==20.1 more_itertools==8.1.0 pytz==2019.3 python-dateutil==2.8.1 six==1.9.0 hypothesis==5.3.1 sortedcontainers==2.1.0,Successfully fixed build,8784.2171
pandas_73_1.log,pytest==5.3.4 attrs==19.3.0 pluggy==0.13.1 py==1.8.1 packaging==20.1 more_itertools==8.1.0 pytz==2019.3 python-dateutil==2.8.1 six==1.9.0 hypothesis==5.3.0 sortedcontainers==2.1.0,Successfully fixed build,16331.4501
pandas_74_1.log,pytest==5.3.4 attrs==19.3.0 pluggy==0.13.1 py==1.8.1 packaging==20.1 more_itertools==8.1.0 pytz==2019.3 python-dateutil==2.8.1 six==1.9.0 hypothesis==5.3.0 sortedcontainers==2.1.0,Successfully fixed build,17203.9811
pandas_75_1.log,pytest==5.3.4 attrs==19.3.0 pluggy==0.13.1 py==1.8.1 packaging==20.1 more_itertools==8.1.0 pytz==2019.3 python-dateutil==2.8.1 six==1.9.0 hypothesis==5.3.0 sortedcontainers==2.1.0,Successfully fixed build,16958.6699
pandas_76_1.log,pytest==5.3.4 attrs==19.3.0 pluggy==0.13.1 py==1.8.1 packaging==20.0 more_itertools==8.1.0 pytz==2019.3 python-dateutil==2.8.1 six==1.9.0 hypothesis==5.3.0 sortedcontainers==2.1.0,Successfully fixed build,17179.7027
pandas_77_1.log,pytest==5.3.4 attrs==19.3.0 pluggy==0.13.1 py==1.8.1 packaging==20.0 more_itertools==8.1.0 pytz==2019.3 python-dateutil==2.8.1 six==1.9.0 hypothesis==5.3.0 sortedcontainers==2.1.0,Successfully fixed build,16936.5377
pandas_78_1.log,pytest==5.3.4 attrs==19.3.0 pluggy==0.13.1 py==1.8.1 packaging==20.0 more_itertools==8.1.0 pytz==2019.3 python-dateutil==2.8.1 six==1.9.0 hypothesis==5.3.0 sortedcontainers==2.1.0,Successfully fixed build,17252.9388
pandas_79_1.log,pytest==5.3.4 attrs==19.3.0 pluggy==0.13.1 py==1.8.1 packaging==20.0 more_itertools==8.1.0 pytz==2019.3 python-dateutil==2.8.1 six==1.9.0 hypothesis==5.3.0 sortedcontainers==2.1.0,Successfully fixed build,17087.9497
pandas_8_1.log,pytest==5.4.2 py==1.8.1 attrs==19.3.0 pluggy==0.13.1 packaging==20.3 more_itertools==8.2.0 pytz==2020.1 python-dateutil==2.8.1 six==1.9.0 hypothesis==5.11.0 sortedcontainers==2.1.0,Successfully fixed build,17133.9235
pandas_80_1.log,pytest==5.3.4 attrs==19.3.0 pluggy==0.13.1 py==1.8.1 packaging==20.0 more_itertools==8.1.0 pytz==2019.3 python-dateutil==2.8.1 six==1.9.0 hypothesis==5.3.0 sortedcontainers==2.1.0,Successfully fixed build,17265.2001
pandas_81_1.log,pytest==5.3.4 attrs==19.3.0 pluggy==0.13.1 py==1.8.1 packaging==20.0 more_itertools==8.1.0 pytz==2019.3 python-dateutil==2.8.1 six==1.9.0 hypothesis==5.3.0 sortedcontainers==2.1.0,Successfully fixed build,17185.1436
pandas_82_1.log,pytest==5.3.4 attrs==19.3.0 pluggy==0.13.1 py==1.8.1 packaging==20.0 more_itertools==8.1.0 pytz==2019.3 python-dateutil==2.8.1 six==1.9.0 hypothesis==5.3.0 sortedcontainers==2.1.0,Successfully fixed build,16754.6018
pandas_83_1.log,pytest==5.3.4 attrs==19.3.0 pluggy==0.13.1 py==1.8.1 packaging==20.0 more_itertools==8.1.0 pytz==2019.3 python-dateutil==2.8.1 six==1.9.0 hypothesis==5.3.0 sortedcontainers==2.1.0,Successfully fixed build,17017.9349
pandas_84_1.log,pytest==5.3.4 attrs==19.3.0 pluggy==0.13.1 py==1.8.1 packaging==20.0 more_itertools==8.1.0 pytz==2019.3 python-dateutil==2.8.1 six==1.9.0 hypothesis==5.2.0 sortedcontainers==2.1.0,Successfully fixed build,17177.5695
pandas_85_1.log,pytest==5.3.4 attrs==19.3.0 pluggy==0.13.1 py==1.8.1 packaging==20.0 more_itertools==8.1.0 pytz==2019.3 python-dateutil==2.8.1 six==1.9.0 hypothesis==5.2.0 sortedcontainers==2.1.0,Successfully fixed build,17118.7094
pandas_86_1.log,pytest==5.3.3 attrs==19.3.0 pluggy==0.13.1 py==1.8.1 packaging==20.0 more_itertools==8.1.0 pytz==2019.3 python-dateutil==2.8.1 six==1.9.0 hypothesis==5.1.5 sortedcontainers==2.1.0,Successfully fixed build,16514.2928
pandas_87_1.log,pytest==5.3.3 attrs==19.3.0 pluggy==0.13.1 py==1.8.1 packaging==20.0 more_itertools==8.1.0 pytz==2019.3 python-dateutil==2.8.1 six==1.9.0 hypothesis==5.1.5 sortedcontainers==2.1.0,Successfully fixed build,17214.4541
pandas_88_1.log,pytest==5.3.2 attrs==19.3.0 pluggy==0.13.1 py==1.8.1 packaging==20.0 more_itertools==8.1.0 pytz==2019.3 python-dateutil==2.8.1 six==1.9.0 hypothesis==5.1.5 sortedcontainers==2.1.0,Successfully fixed build,17270.007
pandas_89_1.log,pytest==5.3.2 attrs==19.3.0 pluggy==0.13.1 py==1.8.1 packaging==20.0 more_itertools==8.0.2 pytz==2019.3 python-dateutil==2.8.1 six==1.9.0 hypothesis==5.1.2 sortedcontainers==2.1.0,Successfully fixed build,17107.4479
pandas_9_1.log,pytest==5.4.1 py==1.8.1 attrs==19.3.0 pluggy==0.13.1 packaging==20.3 more_itertools==8.2.0 pytz==2020.1 python-dateutil==2.8.1 six==1.9.0 hypothesis==5.10.5 sortedcontainers==2.1.0,Successfully fixed build,16638.6118
pandas_90_1.log,pytest==5.3.2 attrs==19.3.0 pluggy==0.13.1 py==1.8.1 packaging==20.0 more_itertools==8.0.2 pytz==2019.3 python-dateutil==2.8.1 six==1.9.0 hypothesis==5.1.2 sortedcontainers==2.1.0,Successfully fixed build,16982.9255
pandas_91_1.log,pytest==5.3.2 attrs==19.3.0 pluggy==0.13.1 py==1.8.1 packaging==20.0 more_itertools==8.0.2 pytz==2019.3 python-dateutil==2.8.1 six==1.9.0 hypothesis==5.1.2 sortedcontainers==2.1.0,Successfully fixed build,8637.85243
pandas_92_1.log,pytest==5.3.2 attrs==19.3.0 pluggy==0.13.1 py==1.8.1 packaging==20.0 more_itertools==8.0.2 pytz==2019.3 python-dateutil==2.8.1 six==1.9.0 hypothesis==5.1.1 sortedcontainers==2.1.0,Successfully fixed build,17171.289
pandas_93_1.log,pytest==5.3.2 attrs==19.3.0 pluggy==0.13.1 py==1.8.1 packaging==20.0 more_itertools==8.0.2 pytz==2019.3 python-dateutil==2.8.1 six==1.9.0 hypothesis==5.1.1 sortedcontainers==2.1.0,Successfully fixed build,17222.4825
pandas_94_1.log,pytest==5.3.2 attrs==19.3.0 pluggy==0.13.1 py==1.8.1 packaging==20.0 more_itertools==8.0.2 pytz==2019.3 python-dateutil==2.8.1 six==1.9.0 hypothesis==5.1.1 sortedcontainers==2.1.0,Successfully fixed build,17192.1869
pandas_95_1.log,pytest==5.3.2 attrs==19.3.0 pluggy==0.13.1 py==1.8.1 packaging==20.0 more_itertools==8.0.2 pytz==2019.3 python-dateutil==2.8.1 six==1.9.0 hypothesis==5.1.1 sortedcontainers==2.1.0,Successfully fixed build,9777.28263
pandas_96_1.log,pytest==5.3.2 attrs==19.3.0 pluggy==0.13.1 py==1.8.1 packaging==19.2 more_itertools==8.0.2 pytz==2019.3 python-dateutil==2.8.1 six==1.9.0 hypothesis==5.1.0 sortedcontainers==2.1.0,Successfully fixed build,15718.4428
pandas_97_1.log,numpy==1.18.0 pytest==5.3.2 attrs==19.3.0 pluggy==0.13.1 py==1.8.1 packaging==19.2 more_itertools==8.0.2 pytz==2019.3 python-dateutil==2.8.1 six==1.9.0 hypothesis==5.1.0 sortedcontainers==2.1.0,Successfully fixed build,18820.1765
pandas_98_1.log,numpy==1.18.0 pytest==5.3.2 attrs==19.3.0 pluggy==0.13.1 py==1.8.1 packaging==19.2 more_itertools==8.0.2 pytz==2019.3 python-dateutil==2.8.1 six==1.9.0 hypothesis==5.0.1 sortedcontainers==2.1.0,Successfully fixed build,18880.5642
pandas_99_1.log,numpy==1.18.0 pytest==5.3.2 attrs==19.3.0 pluggy==0.13.1 py==1.8.1 packaging==19.2 more_itertools==8.0.2 pytz==2019.3 python-dateutil==2.8.1 six==1.9.0 hypothesis==5.0.1 sortedcontainers==2.1.0,Successfully fixed build,17052.7142
PySnooper_1_0.log,pytest==4.5.0 six==1.9.0 atomicwrites==1.3.0 py==1.8.0 attrs==19.1.0 pluggy==0.11.0 more_itertools==7.0.0 python_toolbox==0.9.3,Successfully fixed build,680.592316
PySnooper_1_1.log,pytest==4.5.0 six==1.9.0 atomicwrites==1.3.0 py==1.8.0 attrs==19.1.0 pluggy==0.11.0 more_itertools==7.0.0 python_toolbox==0.9.3,Successfully fixed build,695.461093
PySnooper_3_1.log,pytest==4.4.1 atomicwrites==1.3.0 py==1.8.0 attrs==19.1.0 pluggy==0.9.0 more_itertools==7.0.0 python_toolbox==0.9.3,Successfully fixed build,627.934669
sanic_5_1.log,pytest==3.10.0 six==1.9.0 atomicwrites==1.2.1 py==1.7.0 attrs==18.2.0 pluggy==0.8.0 more_itertools==4.3.0,Successfully fixed build,840.246381
scrapy_2_1.log,w3lib==1.21.0,Successfully fixed build,207.102687
scrapy_36_1.log,w3lib==1.21.0 lxml==4.5.0 parsel==1.6.0 cssselect==1.1.0,Successfully fixed build,897.602871
scrapy_37_1.log,w3lib==1.21.0 lxml==4.4.1 parsel==1.5.2 cssselect==1.1.0,Successfully fixed build,793.814985
scrapy_38_1.log,w3lib==1.19.0 lxml==4.2.0 parsel==1.4.0 cssselect==1.0.3,Successfully fixed build,1521.79657
scrapy_4_1.log,w3lib==1.19.0 lxml==4.2.4 parsel==1.5.0 cssselect==1.0.3,Successfully fixed build,1689.42492
scrapy_5_1.log,w3lib==1.19.0 lxml==4.1.1 parsel==1.4.0 cssselect==1.0.3,Successfully fixed build,1618.13601